title,street,city,state,postal_code,country,lat,lng,categories
18236 - Bottle Store- HSR Layout,"1791/A, 19th Main Road, Sector 1, HSR Layout, Bengaluru South City Corporation, Bengaluru, Bangalore South, Bengaluru Urban, Karnataka, 560102, India",Bengaluru,Karnataka,560102,India,12.9132214,77.6447295,shops
41738 - Quench- HRBR Layout,"MCECHS Layout Main Road, Arkavathy Layout 8th Block, Arkavathy Layout, Jakkur, Bengaluru North City Corporation, Bengaluru, Yelahanka taluku, Bengaluru Urban, Karnataka, 560077, India",Bengaluru,Karnataka,560077,India,13.0710947,77.6202164,shops
45489 - Liquid Therapy,"1552,1553, 19th Main Road, Sector 1, HSR Layout, Bengaluru South City Corporation, Bengaluru, Bangalore South, Bengaluru Urban, Karnataka, 560102, India",Bengaluru,Karnataka,560102,India,12.9210154,77.6451369,shops
45328 - Arun Sprits Zone,"Chokkanahalli Road, Chokkanahalli, R K Hegde Nagara, Sampigehalli, Bengaluru North City Corporation, Bengaluru, Yelahanka taluku, Bengaluru Urban, Karnataka, 560064, India",Bengaluru,Karnataka,560064,India,13.0808427,77.6260413,shops
16808 - SVS Drops,"Kottayam, 23, 14th Main, Sector 7, HSR Layout, Bengaluru South City Corporation, Bengaluru, Bangalore South, Bengaluru Urban, Karnataka, 560102, India",Bengaluru,Karnataka,560102,India,12.9143253,77.638354,shops
45133 - CBW Tonic Bar and mrp,"Thanisandra Main Road, Kogilu, Bengaluru North City Corporation, Bengaluru, Yelahanka taluku, Bengaluru Urban, Karnataka, 562149, India",Bengaluru,Karnataka,562149,India,13.0922529,77.6360183,shops
808 - Spirit treasure,"365/A, 13th Cross Road, Sector 6, HSR Layout, Bengaluru South City Corporation, Bengaluru, Bangalore South, Bengaluru Urban, Karnataka, 560102, India",Bengaluru,Karnataka,560102,India,12.9159665,77.6327946,shops
19876 - Golden Amulya - Baglur Cross,"Akash Ward, Bengaluru North City Corporation, Bengaluru, Yelahanka taluku, Bengaluru Urban, Karnataka, 560063, India",Bengaluru,Karnataka,560063,India,13.1211821,77.6100169,shops
13982 - Liquor Zone,"5th Main Road, Sector 6, HSR Layout, Bengaluru South City Corporation, Bengaluru, Bangalore South, Bengaluru Urban, Karnataka, 560102, India",Bengaluru,Karnataka,560102,India,12.9133329,77.6324284,shops
42753 - SLNS- Classic Jayamahal Palace Road,"Jayamahal Road, Jayamahal Extension, Jayamahal, Bengaluru Central City Corporation, Bengaluru, Bangalore North, Bengaluru Urban, Karnataka, 560046, India",Bengaluru,Karnataka,560046,India,13.0017069,77.5945073,shops
40670 - Konark bar,"Kogilu Main Road, Kogilu, Akash Ward, Bengaluru North City Corporation, Bengaluru, Yelahanka taluku, Bengaluru Urban, Karnataka, 560064, India",Bengaluru,Karnataka,560064,India,13.1044089,77.6073016,shops
45315 - The Liquor House yalanka,"Service Road, Surabhi Layout, Yelahanka, Yelahanka Old Town, Bengaluru North City Corporation, Bengaluru, Yelahanka taluku, Bengaluru Urban, Karnataka, 560064, India",Bengaluru,Karnataka,560064,India,13.095799,77.5983299,shops
3213 - UJWALA BAR AND RESTURENT,"Ujval, Millers Road, Kaverappa Layout, Vasanth Nagar, Bengaluru Central City Corporation, Bengaluru, Bangalore North, Bengaluru Urban, Karnataka, 560052, India",Bengaluru,Karnataka,560052,India,12.9922545,77.5944935,shops
Liquor Factory Jakkur,"Attide Boutique, Judicial Layout Railway Parallel Road, Judicial Layout, Nyayanga Badavane, Bengaluru North City Corporation, Bengaluru, Yelahanka taluku, Bengaluru Urban, Karnataka, 560065, India",Bengaluru,Karnataka,560065,India,13.0793339,77.5926191,shops
15822 - Liquidz - Cunningham Road,"Imperial Court, Cunningham Road, Vasanth Nagar, Bengaluru Central City Corporation, Bengaluru, Bangalore North, Bengaluru Urban, Karnataka, 560052, India",Bengaluru,Karnataka,560052,India,12.9855073,77.5960254,shops
16479 - Muthus Wines - Bommanahalli (Hosur Main Road),"Service Road, HSR Layout, Bengaluru South City Corporation, Bengaluru, Bangalore South, Bengaluru Urban, Karnataka, 560068, India",Bengaluru,Karnataka,560068,India,12.90577,77.6300432,shops
45533 - The Liquor House,"Byatarayanapura, Bengaluru North City Corporation, Bengaluru, Yelahanka taluku, Bengaluru Urban, Karnataka, 560092, India",Bengaluru,Karnataka,560092,India,13.068016,77.5927722,shops
18983 - Cyber Wines - Walton Road,"30, Walton Road, D'Souza Layout, Shanthala Nagar, Ashokanagar, Bengaluru Central City Corporation, Bengaluru, Bangalore North, Bengaluru Urban, Karnataka, 560001, India",Bengaluru,Karnataka,560001,India,12.9715665,77.5977145,shops
12000 - SLNS- Wine Paradise,"Byatarayanapura, Bengaluru North City Corporation, Bengaluru, Yelahanka taluku, Bengaluru Urban, Karnataka, 560092, India",Bengaluru,Karnataka,560092,India,13.0626458,77.5927644,shops
2812 - Dewars,"Shanthala Nagar, Ashokanagar, Bengaluru Central City Corporation, Bengaluru, Bangalore North, Bengaluru Urban, Karnataka, 560001, India",Bengaluru,Karnataka,560001,India,12.9722135,77.6010642,shops
18278 - Madira- Sahakar Nagar,"Rithik Plaza, 2386/2387, 1st Main Road, Sahakaranagara, Rajiv Gandhi Nagar, Bengaluru North City Corporation, Bengaluru, Yelahanka taluku, Bengaluru Urban, Karnataka, 560092, India",Bengaluru,Karnataka,560092,India,13.0608633,77.5874565,shops
19732 - Tonique - MG Road,"Tonique, Kasturba Road, D'Souza Layout, Shanthala Nagar, Ashokanagar, Bengaluru Central City Corporation, Bengaluru, Bangalore North, Bengaluru Urban, Karnataka, 560001, India",Bengaluru,Karnataka,560001,India,12.9763238,77.5991693,shops
44326 - Madira Spirtis 2,"Sahakaranagar Railway Parallel Road, Byatarayanapura, Bengaluru North City Corporation, Bengaluru, Yelahanka taluku, Bengaluru Urban, Karnataka, 560092, India",Bengaluru,Karnataka,560092,India,13.0671527,77.582791,shops
45658 - Liquor Mart (Koramangala),"Machleez sea food, 68/1, Indiranagar Double Road, ISRO Colony, Jogpalya, Bengaluru Central City Corporation, Bengaluru, Bangalore North, Bengaluru Urban, Karnataka, 560038, India",Bengaluru,Karnataka,560038,India,12.9732656,77.6360404,shops
17261 - Beer Box Indiranagar,"Jive Pub, 68/1, Indiranagar Double Road, ISRO Colony, Jogpalya, Bengaluru Central City Corporation, Bengaluru, Bangalore North, Bengaluru Urban, Karnataka, 560038, India",Bengaluru,Karnataka,560038,India,12.9732119,77.63604,shops
41911 - Liquor Mart (Kalyan Nagar),"Hennur Main Road, Kacharakanahalli, HRBR Layout 3rd Block, Kacharakanahalli, Bengaluru North City Corporation, Bengaluru, Bangalore North, Bengaluru Urban, Karnataka, 560043, India",Bengaluru,Karnataka,560043,India,13.0244526,77.6314596,shops
11850 - Madhuloka - Rajajinagar,"Dr. Rajkumar Road, Ketamaranahalli, Kethamaranahalli, Bengaluru West City Corporation, Bengaluru, Bangalore North, Bengaluru Urban, Karnataka, 560010, India",Bengaluru,Karnataka,560010,India,13.0020275,77.553216,shops
19665 - Mansionz by Living Liquidz - Rajajinagar,"Mansionz, Dr. Rajkumar Road, Kethamaranahalli, Bengaluru West City Corporation, Bengaluru, Bangalore North, Bengaluru Urban, Karnataka, 560010, India",Bengaluru,Karnataka,560010,India,13.0122128,77.5542008,shops
41807 - The Liquor House Rajajinagar,"White Horse, 1522, 17th Cross Road, Subramanya Nagar 2nd Stage, Subrahmanya Nagar, Subramanyanagara, Bengaluru West City Corporation, Bengaluru, Bangalore North, Bengaluru Urban, Karnataka, 560003, India",Bengaluru,Karnataka,560003,India,13.0080387,77.5564427,shops
45362 - Fabulous Boarding and lodging,"Koramangala, Sri Lakshmi Devi Ward, Bengaluru South City Corporation, Bengaluru, Bangalore South, Bengaluru Urban, Karnataka, 560095, India",Bengaluru,Karnataka,560095,India,12.9386764,77.6318284,shops
44934 - Metro Cash and Carry,"Metro, 26/3, Tumkur Road, Goraguntepalya, Bengaluru West City Corporation, Bengaluru, Bangalore North, Bengaluru Urban, Karnataka, 560055, India",Bengaluru,Karnataka,560055,India,13.0143242,77.5553266,shops
737 - Best wines,"Inner Ring Road, Koramangala, Sri Lakshmi Devi Ward, Bengaluru South City Corporation, Bengaluru, Bangalore South, Bengaluru Urban, Karnataka, 560095, India",Bengaluru,Karnataka,560095,India,12.9386869,77.6316768,shops
18714 - Golden Brizze,"Magadi taluku, Bengaluru South, Karnataka, 562127, India",Bengaluru,Karnataka,562127,India,13.0732978,77.1934034,shops
41759 - Yuki Kormangala,"Mahayogi Vemana Road, A Adugodi, Bengaluru South City Corporation, Bengaluru, Bangalore South, Bengaluru Urban, Karnataka, 560095, India",Bengaluru,Karnataka,560095,India,12.9341473,77.6234741,shops
18933 - KCP Spirit Zone,"Synup, 596, 6th Cross Road, Koramangala 6th Block, Koramangala, Sri Lakshmi Devi Ward, Bengaluru South City Corporation, Bengaluru, Bangalore South, Bengaluru Urban, Karnataka, 560095, India",Bengaluru,Karnataka,560095,India,12.9370815,77.624572,shops
19314 G R S Sprits,"Andrahalli Main Road, HMT Layout, Nagasandra, Bengaluru West City Corporation, Bengaluru, Bangalore North, Bengaluru Urban, Karnataka, 560073, India",Bengaluru,Karnataka,560073,India,13.0430915,77.5050667,shops
40561 - Madhuloka - Koramangala,"4 SEASONS SUITES, 95, 5th Cross Road, Koramangala 5th Block, A Adugodi, Bengaluru South City Corporation, Bengaluru, Bangalore South, Bengaluru Urban, Karnataka, 560095, India",Bengaluru,Karnataka,560095,India,12.9370714,77.6197147,shops
16527 - Urban Sprits,"Kirloskar Layout, Bagalagunte, Bengaluru North City Corporation, Bengaluru, Bangalore North, Bengaluru Urban, Karnataka, 560015, India",Bengaluru,Karnataka,560015,India,13.0663418,77.5032547,shops
13474 - Toscano - Koramangala,"Archies, Hosur Road, Lakkasandra, Bengaluru South City Corporation, Bengaluru, Bangalore South, Bengaluru Urban, Karnataka, 560095, India",Bengaluru,Karnataka,560095,India,12.934852,77.6114516,shops
41898 - Tonique - Koramangala,"Sacumen, JB Group #110, 1st Main Road, Kormangala West, Bengaluru South City Corporation, Bengaluru, Bangalore South, Bengaluru Urban, Karnataka, 560095, India",Bengaluru,Karnataka,560095,India,12.9339928,77.6129158,shops
40583 - Apple Traders,"Job Academy Careers, No 19 & 43, 2nd Floor, Hesaraghatta Main Road, Nele Maheshwaramma Temple Ward, Bengaluru North City Corporation, Bengaluru, Bangalore North, Bengaluru Urban, Karnataka, 560057, India",Bengaluru,Karnataka,560057,India,13.0508276,77.5079285,shops
16202 - Sarowar Wines (Liquor Cart),"Sneha Plaza, 640, 12th Main Road, Koramangala 4th Block, Kormangala East, Bengaluru South City Corporation, Bengaluru, Bangalore South, Bengaluru Urban, Karnataka, 560034, India",Bengaluru,Karnataka,560034,India,12.9342399,77.6293139,shops
18506 - Bottle Store - Koramangala,"Clove Dental, 80 Feet Road, Green Leaf Layout, Kormangala East, Bengaluru South City Corporation, Bengaluru, Bangalore South, Bengaluru Urban, Karnataka, 560034, India",Bengaluru,Karnataka,560034,India,12.9321947,77.6322256,shops
2429 - Jala Halli wines,"Jalahalli Main Road, Jalahalli, Bengaluru North City Corporation, Bengaluru, Bangalore North, Bengaluru Urban, Karnataka, 560013, India",Bengaluru,Karnataka,560013,India,13.0478275,77.5497498,shops
10317 - Spirit Palace,"Kammanahalli Main Road, Kalyan Nagar, Kalyanagar, Bengaluru North City Corporation, Bengaluru, Bangalore North, Bengaluru Urban, Karnataka, 560043, India",Bengaluru,Karnataka,560043,India,13.0199329,77.6369619,shops
15734 - Crystal Wines - Vibhutipura,"Sobha Sunflower, Vignananagara, Bengaluru East City Corporation, Bengaluru, Bangalore East, Bengaluru Urban, Karnataka, 560037, India",Bengaluru,Karnataka,560037,India,12.9679877,77.6825695,shops
17349 - Wine Palace- Indiranagar,"MLN Raos, 3550, 3rd Cross Road, Domlur 2nd Stage, Domlur, Domluru, Bengaluru Central City Corporation, Bengaluru, Bangalore North, Bengaluru Urban, Karnataka, 560008, India",Bengaluru,Karnataka,560008,India,12.9643966,77.6397458,shops
44156 - House of Dhrau,"Kothanur Main Road, LBS Nagar, K Narayanapura, Bengaluru East City Corporation, Bengaluru, Bangalore East, Bengaluru Urban, Karnataka, 560077, India",Bengaluru,Karnataka,560077,India,13.0647657,77.6470079,shops
44803 - Drops Total Spirit Indiranagar,"5Ã sec, 100 Feet Road, Babasaheb Colony, Kodihalli, Bengaluru Central City Corporation, Bengaluru, Bangalore North, Bengaluru Urban, Karnataka, 560008, India",Bengaluru,Karnataka,560008,India,12.9638183,77.6418662,shops
45345 - M R Sprits - Kothanur,"Hennur Bagalur Road, Kothanur, K Narayanapura, Bengaluru East City Corporation, Bengaluru, Bangalore East, Bengaluru Urban, Karnataka, 560077, India",Bengaluru,Karnataka,560077,India,13.0631617,77.6495953,shops
19812 - Tonique - Hennur,"Hennur Bagalur Road, Evergreen Layout, K Narayanapura, Bengaluru East City Corporation, Bengaluru, Bangalore East, Bengaluru Urban, Karnataka, 560077, India",Bengaluru,Karnataka,560077,India,13.0577858,77.6484353,shops
15751 - Sujatha Wine Centre,"15th Main Road, Babasaheb Colony, Kodihalli, Bengaluru Central City Corporation, Bengaluru, Bangalore North, Bengaluru Urban, Karnataka, 560008, India",Bengaluru,Karnataka,560008,India,12.9667924,77.6417473,shops
44720 - M R Sprits Inn & Suits,"Avalahalli Main Road, Byrathi, Bengaluru East City Corporation, Bengaluru, Bangalore East, Bengaluru Urban, Karnataka, 560077, India",Bengaluru,Karnataka,560077,India,13.05607,77.6527852,shops
40352 - Honey Dew- Jeevan Bhima Nagar,"Jeevan Bhima Nagar Main Road, LIC Colony, Jeevan Bhima Nagar, Jeevan Bhimanagar, Bengaluru Central City Corporation, Bengaluru, Bangalore East, Bengaluru Urban, Karnataka, 560075, India",Bengaluru,Karnataka,560075,India,12.9678097,77.6539749,shops
45139 - Liquor Library,"Raghuvanahalli-Hosakote Road, Bommenehalli, Bommenahalli, Bangalore East, Bengaluru Urban, Karnataka, 560049, India",Bengaluru,Karnataka,560049,India,13.0633235,77.7402281,shops
43355 - Vintage Bar,"Raghuvanahalli-Hosakote Road, Bommenehalli, Bommenahalli, Bangalore East, Bengaluru Urban, Karnataka, 560049, India",Bengaluru,Karnataka,560049,India,13.0658106,77.7421538,shops
19207 - Spirit House Jeevan Beemanagar,"Sri Vidhya Medicals General Store, 17, Jeevan Bhima Nagar Main Road, LIC Colony, Jeevan Bhima Nagar, Kodihalli, Bengaluru Central City Corporation, Bengaluru, Bangalore East, Bengaluru Urban, Karnataka, 560075, India",Bengaluru,Karnataka,560075,India,12.9680192,77.6524235,shops
43026 - Amulya Residency,"Budigere Road, Hittarahalli, Shringaripura, Handrahalli, Devanahalli taluku, Bengaluru North, Karnataka, 562129, India",Bengaluru,Karnataka,562129,India,13.12408,77.7438061,shops
18649 - Kalyan Wines (HRBR Layout),"Kalyan Nagar, Kalyanagar, Bengaluru North City Corporation, Bengaluru, Bangalore North, Bengaluru Urban, Karnataka, 560043, India",Bengaluru,Karnataka,560043,India,13.0213355,77.6413663,shops
44535 - Chamundeshwari Comforts,"Thippasandra Main Road, Puttappa Layout, New Thippasandra, Bengaluru Central City Corporation, Bengaluru, Bangalore East, Bengaluru Urban, Karnataka, 560075, India",Bengaluru,Karnataka,560075,India,12.9714684,77.6580099,shops
10285 - Swapnalok - Jeevan Bheema Nagar,"335, 4th Cross Road, Indiranagar, Bengaluru Central City Corporation, Bengaluru, Bangalore East, Bengaluru Urban, Karnataka, 560075, India",Bengaluru,Karnataka,560075,India,12.9720336,77.6490931,shops
10855 - Amulya Spirits,"Bagaluru, Yelahanka taluku, Bengaluru Urban, Karnataka, 562149, India",Bengaluru,Karnataka,562149,India,13.1324487,77.6642158,shops
10235 - SLNS - Dejavu,"Thran, 507, CMR Road, Kalyan Nagar, Kalyanagar, Bengaluru North City Corporation, Bengaluru, Bangalore North, Bengaluru Urban, Karnataka, 560043, India",Bengaluru,Karnataka,560043,India,13.0214892,77.6412272,shops
1830 - THE WINERY,"442, 9th Main Road, Indiranagar, Bengaluru Central City Corporation, Bengaluru, Bangalore East, Bengaluru Urban, Karnataka, 560038, India",Bengaluru,Karnataka,560038,India,12.9720258,77.6426934,shops
42982 - Higway- Jalahalli Cross,"Bhartiya Mall, Nikoo Homes Road, Bhartiya City, Kogilu, Bengaluru North City Corporation, Bengaluru, Yelahanka taluku, Bengaluru Urban, Karnataka, 562149, India",Bengaluru,Karnataka,562149,India,13.0838478,77.643429,shops
44354 - KMC House of Liquor,"Thanisandra Main Road, Sampigehalli, Bengaluru North City Corporation, Bengaluru, Yelahanka taluku, Bengaluru Urban, Karnataka, 560064, India",Bengaluru,Karnataka,560064,India,13.0813212,77.6341783,shops
43632 - Alcool & Cubes,"Saint John's Church Road, Cleveland Town, K Kamaraj Ward, Bengaluru Central City Corporation, Bengaluru, Bangalore North, Bengaluru Urban, Karnataka, 560005, India",Bengaluru,Karnataka,560005,India,12.9884751,77.6175966,shops
18187 - Mourya Wines,"Malleshpalya Main Road, Vignananagara, Bengaluru East City Corporation, Bengaluru, Bangalore East, Bengaluru Urban, Karnataka, 560017, India",Bengaluru,Karnataka,560017,India,12.9743507,77.6719553,shops
14968 - Thoms,"Thom's Bakery, # 1/2, Wheeler Road, Sindhi Colony, Cleveland Town, Pulakeshi Nagar, Bengaluru North City Corporation, Bengaluru, Bangalore North, Bengaluru Urban, Karnataka, 560005, India",Bengaluru,Karnataka,560005,India,12.9914975,77.6142444,shops
20151 - Aditya Bar,"GM Palya Main Road, G.M Palya, Bengaluru Central City Corporation, Bengaluru, Bangalore East, Bengaluru Urban, Karnataka, 560093, India",Bengaluru,Karnataka,560093,India,12.9755858,77.6670788,shops
1538 - The Liquor Square,"MM Road, Frazer Town, Pulakeshi Nagar, Bengaluru North City Corporation, Bengaluru, Bangalore North, Bengaluru Urban, Karnataka, 560005, India",Bengaluru,Karnataka,560005,India,13.0010208,77.6127903,shops
43262 - SRINIDHI WINES,"GM Palya, GM Palya Main Road, GM Palya, G.M Palya, Bengaluru Central City Corporation, Bengaluru, Bangalore East, Bengaluru Urban, Karnataka, 560017, India",Bengaluru,Karnataka,560017,India,12.9752592,77.6664775,shops
1773 - Keerthana Wines & Spirits,"Bairasandra Main Road, Gorkamantapalya, New Thippasandra, Bengaluru Central City Corporation, Bengaluru, Bangalore East, Bengaluru Urban, Karnataka, 560093, India",Bengaluru,Karnataka,560093,India,12.9762536,77.6659597,shops
1385 - Nilgiris Wine,"29, Arkavathy Layout Main Road, Arkavathy Layout 8th Block, Arkavathy Layout, Jakkur, Bengaluru North City Corporation, Bengaluru, Yelahanka taluku, Bengaluru Urban, Karnataka, 560064, India",Bengaluru,Karnataka,560064,India,13.0727631,77.6031753,shops
13249 - Baghas Kaggadaspura,"Smiles Dental Care ECHS Clinic, Kaggadasapura Main Road, Abbaiah Reddy Layout, Vignananagar, Sangama Ward, Bengaluru East City Corporation, Bengaluru, Bangalore East, Bengaluru Urban, Karnataka, 560037, India",Bengaluru,Karnataka,560037,India,12.9831335,77.6802977,shops
45190 - Ginger Gardan Restro bar and kitchen,"Kaggadasapura Main Road, Uday Nagar, Bengaluru East City Corporation, Bengaluru, Bangalore East, Bengaluru Urban, Karnataka, 560093, India",Bengaluru,Karnataka,560093,India,12.9862492,77.6705137,shops
13666 - Fusion Wines- Cooke Town,"A Pet Shop, Banaswadi Road, N Thyagaraju Layout, Jeevanahalli, Bengaluru North City Corporation, Bengaluru, Bangalore North, Bengaluru Urban, Karnataka, 560033, India",Bengaluru,Karnataka,560033,India,13.0011794,77.629282,shops
20159 - Crave wings Bar,"Nagavarapalaya Main Road, Putanna Garden, C V Raman Nagar, Nagavarapalya, Bengaluru Central City Corporation, Bengaluru, Bangalore East, Bengaluru Urban, Karnataka, 560093, India",Bengaluru,Karnataka,560093,India,12.9921395,77.6638237,shops
14477 - SS Liquor (Old Madras Road),"Domino's, Swamy Vivekananda Road, Pai Layout, K.S. Nissar Ahmed Ward, Bengaluru East City Corporation, Bengaluru, Bangalore East, Bengaluru Urban, Karnataka, 560016, India",Bengaluru,Karnataka,560016,India,12.9952802,77.6664959,shops
42222 - Alcolabs - Rajajinagar,"Alcho Lab, Mahakavi Kuvempu Road, West of Chord Road 2nd Stage, Basaveshwaranagar, Kethamaranahalli, Bengaluru West City Corporation, Bengaluru, Bangalore North, Bengaluru Urban, Karnataka, 560010, India",Bengaluru,Karnataka,560010,India,12.9973988,77.550658,shops
14837 - Pink Berry 1 (Kamanahalli),"KFSC Layout, Kammanahalli, HRBR Layout, Bengaluru North City Corporation, Bengaluru, Bangalore North, Bengaluru Urban, Karnataka, 560084, India",Bengaluru,Karnataka,560084,India,13.0152598,77.6308867,shops
43129 - Lotus Hotel,"Hulimangala Main Road, Hulimangala, Anekal, Bengaluru Urban, Karnataka, 560100, India",Bengaluru,Karnataka,560100,India,12.8323908,77.6477876,shops
11595 - THE LIQUOR LAKE,"Marathi Katta Flavours Of Maharashtra, Neeladri Road, Ganga Vertica Apartments, Electronic City, Bangalore South, Bengaluru Urban, Karnataka, 560100, India",Bengaluru,Karnataka,560100,India,12.8404221,77.6518741,shops
44801 - Drops Total Spirits Electronic City,"Electronic City, Bangalore South, Bengaluru Urban, Karnataka, 560100, India",Bengaluru,Karnataka,560100,India,12.842047,77.6460435,shops
12760 - Grappa Liquor,"Cave N Dine, 14, Basaveshwaranagar Main Road, Dr Rajkumar Ward, Bengaluru West City Corporation, Bengaluru, Bangalore North, Bengaluru Urban, Karnataka, 560079, India",Bengaluru,Karnataka,560079,India,12.9866356,77.5405623,shops
44318 - Lakewoodbar,"NeoTown Road, Gollahalli, Anekal, Bengaluru Urban, Karnataka, 560100, India",Bengaluru,Karnataka,560100,India,12.8283206,77.6638067,shops
3248 - Sai Krupa Bar,"Manappuram Gold, HAL Old Airport Road, Vimanapura, Konena Agrahara, Bengaluru Central City Corporation, Bengaluru, Bangalore East, Bengaluru Urban, Karnataka, 560017, India",Bengaluru,Karnataka,560017,India,12.959096,77.6613142,shops
42157 - Unique Liquor- Yamlur,"Yamalur Main Road, Yamalur, Bengaluru East City Corporation, Bengaluru, Bangalore East, Bengaluru Urban, Karnataka, 560037, India",Bengaluru,Karnataka,560037,India,12.9503103,77.6897298,shops
19176 - Bangalore Liquor Town - Electronic City,"NeoTown, Hulimangala, Anekal, Bengaluru Urban, Karnataka, 560099, India",Bengaluru,Karnataka,560099,India,12.8200927,77.6601688,shops
1142 - MAYURI SPIRITS,"Subiksha Courette, 1, Tulsi Theatre Road, Marathahalli, Bengaluru East City Corporation, Bengaluru, Bangalore East, Bengaluru Urban, Karnataka, 560037, India",Bengaluru,Karnataka,560037,India,12.9510246,77.6979122,shops
40036 - Liquor mart,"Siddaih Puranik Road, Kirloskar Colony, Basaveshwaranagar, Kethamaranahalli, Bengaluru West City Corporation, Bengaluru, Bangalore North, Bengaluru Urban, Karnataka, 560079, India",Bengaluru,Karnataka,560079,India,12.996321,77.5401448,shops
45384 - Sri Krithunga Bar & restaurant,"Kritunga Restaurant, 88, Outer Ring Road, MSR Layout, Munnenkolalu, Bengaluru East City Corporation, Bengaluru, Bangalore East, Bengaluru Urban, Karnataka, 560037, India",Bengaluru,Karnataka,560037,India,12.9483087,77.6991903,shops
12060 - ANJANADRI WINES,"Bellanduru, Bellandur, Bengaluru East City Corporation, Bengaluru, Bangalore East, Bengaluru Urban, Karnataka, 560103, India",Bengaluru,Karnataka,560103,India,12.9310538,77.6858879,shops
44714 - MONTEZ SPRITS,"Thimanahalli, Govindaraj Nagara, Thimmenahalli, Bengaluru West City Corporation, Bengaluru, Bangalore North, Bengaluru Urban, Karnataka, 560040, India",Bengaluru,Karnataka,560040,India,12.9760914,77.5354578,shops
44866 - Mayuri Wines,"Bright Smiles Family dental Care, 87, Panathur Main Road, Kaadubeesanahalli, Panathur, Bengaluru East City Corporation, Bengaluru, Bangalore East, Bengaluru Urban, Karnataka, 560087, India",Bengaluru,Karnataka,560087,India,12.9389016,77.6965572,shops
"44693 - Shilpa Bar & Restaurant- Unique Liqour, Boganahalli","Backstreet, 87, Gear School road, Panathur, Bengaluru East City Corporation, Bengaluru, Bangalore East, Bengaluru Urban, Karnataka, 560103, India",Bengaluru,Karnataka,560103,India,12.9205353,77.6959574,shops
41038 - Siddarth Liquor Shop- Nagarabhavi,"Sangolli Rayanna Road, Kaveri Pura, Pattegar Palya, Bengaluru West City Corporation, Bengaluru, Bangalore North, Bengaluru Urban, Karnataka, 560079, India",Bengaluru,Karnataka,560079,India,12.9763118,77.5248827,shops
40216 - Bangalore Liqour Town 2,"Anantha Nagar Road, Anantnagar, Kommasandra, Andapura, Anekal, Bengaluru Urban, Karnataka, 560100, India",Bengaluru,Karnataka,560100,India,12.8356336,77.6911561,shops
19503 - Mayuri Bar & Restaurant,"Panathur Main Road, Kaverappa Layout, Kaadubeesanahalli, Panathur, Bengaluru East City Corporation, Bengaluru, Bangalore East, Bengaluru Urban, Karnataka, 560103, India",Bengaluru,Karnataka,560103,India,12.936525,77.7036521,shops
45702 - SHARAABI,"Panathur Main Road, Kaverappa Layout, Kaadubeesanahalli, Panathur, Bengaluru East City Corporation, Bengaluru, Bangalore East, Bengaluru Urban, Karnataka, 560103, India",Bengaluru,Karnataka,560103,India,12.9366239,77.7035864,shops
45369 Sumith Liquor,"Kengal Hanumanthaiah West, Bengaluru West City Corporation, Bengaluru, Bangalore South, Bengaluru Urban, Karnataka, 560056, India",Bengaluru,Karnataka,560056,India,12.9375148,77.4849032,shops
11146 - New Drops- Gunjur,"Star Bazaar, Varthur - Sarjapur Road, Varthur, Bengaluru East City Corporation, Bengaluru, Bangalore East, Bengaluru Urban, Karnataka, 560087, India",Bengaluru,Karnataka,560087,India,12.9284397,77.7388557,shops
16971 - Aishwarya spirits,"Rayasandra Main Road, Rayasandra, Anekal, Bengaluru Urban, Karnataka, 560099, India",Bengaluru,Karnataka,560099,India,12.8751194,77.6780404,shops
2080 - Wine House,"Meditech Diagnostic Laboratory, 144/1, Kengeri Main Road, Kengeri Satelite Town, Kengeri, Bengaluru West City Corporation, Bengaluru, Bangalore South, Bengaluru Urban, Karnataka, 560060, India",Bengaluru,Karnataka,560060,India,12.9291446,77.4869391,shops
40581 - Nusa,"Kadabeesanahalli Main Road, Varthur, Bengaluru East City Corporation, Bengaluru, Bangalore East, Bengaluru Urban, Karnataka, 560087, India",Bengaluru,Karnataka,560087,India,12.9258161,77.7347388,shops
17879 - Unique Liquors,"Vibgyor High School Road, GJM Sai Garden Layout, Kundalahalli, Bengaluru East City Corporation, Bengaluru, Bangalore East, Bengaluru Urban, Karnataka, 560037, India",Bengaluru,Karnataka,560037,India,12.9467922,77.7180791,shops
41612 - Liquor Mart (Harlur),"Indian Oil, Haralur Road, Royal Placid Layout, Haralur, Kasavanahalli, Bengaluru South City Corporation, Bengaluru, Bangalore South, Bengaluru Urban, Karnataka, 560068, India",Bengaluru,Karnataka,560068,India,12.8989179,77.658253,shops
15957 - Madhuloka - Marathhalli,"Car repairs, Munekolala Main Road, Gandhi Nagar, Munekolala, Munnenkolalu, Bengaluru East City Corporation, Bengaluru, Bangalore East, Bengaluru Urban, Karnataka, 560037, India",Bengaluru,Karnataka,560037,India,12.9527285,77.7059715,shops
40071 - Sprits junction,"Chandra Public School, 4th Main Road, Attiguppe, Attigupe, Bengaluru West City Corporation, Bengaluru, Bangalore North, Bengaluru Urban, Karnataka, 560040, India",Bengaluru,Karnataka,560040,India,12.9604333,77.5295167,shops
42767 - The Liquor Baron,"Jai Jalaram Timber Depot, Chord Road, Hampi Nagar, Attigupe, Bengaluru West City Corporation, Bengaluru, Bangalore North, Bengaluru Urban, Karnataka, 560040, India",Bengaluru,Karnataka,560040,India,12.9567464,77.5341887,shops
43801 - Divine Drops,"Silver Springs Layout, Priyadarshini Ward, Bengaluru East City Corporation, Bengaluru, Bangalore East, Bengaluru Urban, Karnataka, 560037, India",Bengaluru,Karnataka,560037,India,12.9568981,77.7095648,shops
18620 - Reload - Banasadi,"Srinidhi Upachar Road, OMBR Layout, Banaswadi, Bengaluru North City Corporation, Bengaluru, Bangalore East, Bengaluru Urban, Karnataka, 560043, India",Bengaluru,Karnataka,560043,India,13.0091742,77.6495857,shops
42377 - Pink Berry - B. Channasandra,"2nd Cross Road, Doctors Layout, Kasturi Nagar, Bengaluru Central City Corporation, Bengaluru, Bangalore East, Bengaluru Urban, Karnataka, 560043, India",Bengaluru,Karnataka,560043,India,13.0087705,77.6559358,shops
40543 - Fusion Wines - RRV Layout,"2nd Main Road, Kasturi Nagar 2nd Stage, Kasturi Nagar, Bengaluru Central City Corporation, Bengaluru, Bangalore East, Bengaluru Urban, Karnataka, 560043, India",Bengaluru,Karnataka,560043,India,13.0019991,77.6614394,shops
44367 - Levens bar,"Canara Bank, Outer Ring Road, Teacher's Colony, Sector 5, HSR Layout, Bengaluru South City Corporation, Bengaluru, Bangalore South, Bengaluru Urban, Karnataka, 560034, India",Bengaluru,Karnataka,560034,India,12.916507,77.635608,shops
18316 - Maruthi Spirits,"7th Main Road, Jai Jawan Nagar, HRBR Layout 1st Block, Kalyanagar, Bengaluru North City Corporation, Bengaluru, Bangalore East, Bengaluru Urban, Karnataka, 560043, India",Bengaluru,Karnataka,560043,India,13.0096528,77.64323,shops
814 - Madhuloka HSR 1,"Outer Ring Road, Sector 6, Jakkasandra, Bengaluru South City Corporation, Bengaluru, Bangalore South, Bengaluru Urban, Karnataka, 560034, India",Bengaluru,Karnataka,560034,India,12.9170411,77.6290164,shops
40925 - GLOBE TRADERS,"The LightHouse Restaurant, 62, 80 Feet Road, RMV 2nd Stage 2nd Block, Sadashiva Nagara, Bengaluru West City Corporation, Bengaluru, Bangalore North, Bengaluru Urban, Karnataka, 560094, India",Bengaluru,Karnataka,560094,India,13.0283625,77.5719996,shops
"14345 - Madhuloka - HSR 2, Near BTL Store","441, 17th Cross Road, MCHS Colony, Sector 4, HSR Layout, Bengaluru South City Corporation, Bengaluru, Bangalore South, Bengaluru Urban, Karnataka, 560102, India",Bengaluru,Karnataka,560102,India,12.9123367,77.64305,shops
19563 - Madhuloka - Sanjaynagar,"3rd Main Road, Ramakrishna Layout, Geddalahalli, Bengaluru North City Corporation, Bengaluru, Bangalore North, Bengaluru Urban, Karnataka, 560094, India",Bengaluru,Karnataka,560094,India,13.027358,77.5796156,shops
41483 - Olga liquor,"Trupthi Complex, New No:1, Old No:310/1, Sanjaynagar Main Road, NGEF Layout, Sanjay Nagara, Nagashettyhalli, Bengaluru North City Corporation, Bengaluru, Bangalore North, Bengaluru Urban, Karnataka, 560094, India",Bengaluru,Karnataka,560094,India,13.0363956,77.5747502,shops
19591 - SLNS- Bon Vivant,"Tank Bund Road, Dollars Colony, Geddalahalli, Bengaluru North City Corporation, Bengaluru, Bangalore North, Bengaluru Urban, Karnataka, 560094, India",Bengaluru,Karnataka,560094,India,13.0378619,77.5682972,shops
44799 - Drops New bel Road,"Guru Kripa Clinic, New BEL Road, ITI Colony, Aramane Nagara, Bengaluru West City Corporation, Bengaluru, Bangalore North, Bengaluru Urban, Karnataka, 560054, India",Bengaluru,Karnataka,560054,India,13.0349496,77.5677349,shops
18208 - Jai Maruti wines,"2562, 14th Cross Road, Sector 1, HSR Layout, Bengaluru South City Corporation, Bengaluru, Bangalore South, Bengaluru Urban, Karnataka, 560102, India",Bengaluru,Karnataka,560102,India,12.9153918,77.6490637,shops
9865 - APR Wines,"1329, 24th Main Road, Parangipalya, Iblur, Bengaluru South City Corporation, Bengaluru, Bangalore South, Bengaluru Urban, Karnataka, 560102, India",Bengaluru,Karnataka,560102,India,12.9039958,77.6489102,shops
40787 - Wholesale Wines & Spirits Mattikere,"MSRIT Road, Sadashiva Nagara, Bengaluru West City Corporation, Bengaluru, Bangalore North, Bengaluru Urban, Karnataka, 560012, India",Bengaluru,Karnataka,560012,India,13.0281491,77.5620364,shops
42794 - APR Group,"18/A, 18th Main Road, Sector 3, HSR Layout, Bengaluru South City Corporation, Bengaluru, Bangalore South, Bengaluru Urban, Karnataka, 560102, India",Bengaluru,Karnataka,560102,India,12.9072313,77.6440146,shops
41346 - SVRS WHOLESALE WINES & SPIRIT,"Banaswadi Main Road, HRBR Layout 1st Block, Banaswadi, Bengaluru North City Corporation, Bengaluru, Bangalore East, Bengaluru Urban, Karnataka, 560043, India",Bengaluru,Karnataka,560043,India,13.0130455,77.6482363,shops
17213 - Hemavathi Wines Banaswadi,"HRBR Layout 1st Block, Banaswadi, Bengaluru North City Corporation, Bengaluru, Bangalore East, Bengaluru Urban, Karnataka, 560043, India",Bengaluru,Karnataka,560043,India,13.0165459,77.6510186,shops
17950 - Pooja Spirits - Horamavu Signal,"Horamavu Main Road, Bank Avenue Colony, Babusab Palya, Bengaluru East City Corporation, Bengaluru, Bangalore East, Bengaluru Urban, Karnataka, 560043, India",Bengaluru,Karnataka,560043,India,13.0192932,77.6558876,shops
18268 - Pink Berry 8 (Horamavu),"2nd Cross Road, Post & Telegraph Layout, Babusab Palya, Bengaluru East City Corporation, Bengaluru, Bangalore East, Bengaluru Urban, Karnataka, 560043, India",Bengaluru,Karnataka,560043,India,13.0237317,77.6585647,shops
44401 - KICK TONIC,"7th Main Road, Hoysala Nagara East, Bengaluru East City Corporation, Bengaluru, Bangalore East, Bengaluru Urban, Karnataka, 560016, India",Bengaluru,Karnataka,560016,India,13.0154567,77.6669909,shops
18349 - Yellamma Liquors,"Thambuchettypalya Main Road, Muneshwara Layout, Hoysala Nagara East, Bengaluru East City Corporation, Bengaluru, Bangalore East, Bengaluru Urban, Karnataka, 560016, India",Bengaluru,Karnataka,560016,India,13.0159913,77.6681265,shops
19934 - Pinkberry - Horamavu,"Horamavu Main Road, Kalkere, Horamavu, Bengaluru East City Corporation, Bengaluru, Bangalore East, Bengaluru Urban, Karnataka, 560016, India",Bengaluru,Karnataka,560016,India,13.0290535,77.6642904,shops
3307 - PINK BERRY,"Kalkere, Bengaluru East City Corporation, Bengaluru, Bangalore East, Bengaluru Urban, Karnataka, 560016, India",Bengaluru,Karnataka,560016,India,13.0310183,77.6794722,shops
18298 - Arun Liquor,"Doddanna Industrial Estate, Hegganahalli, Bengaluru West City Corporation, Bengaluru, Bangalore North, Bengaluru Urban, Karnataka, 560091, India",Bengaluru,Karnataka,560091,India,13.0042794,77.506549,shops
12246 - Venkateshwar Wines (Horamavu),"Kalkere Channasandra Main Road, Kalkere, Bengaluru East City Corporation, Bengaluru, Bangalore East, Bengaluru Urban, Karnataka, 560016, India",Bengaluru,Karnataka,560016,India,13.0339364,77.6750828,shops
10455 - Liquor City,"611, Mangammapalaya Road, Mangamannapalya, HSR Layout, Bengaluru South City Corporation, Bengaluru, Bangalore South, Bengaluru Urban, Karnataka, 560102, India",Bengaluru,Karnataka,560102,India,12.9073576,77.6347669,shops
42939 - Maheshwari Wines - K. Channasandra,"K Chennasandra, Bengaluru East City Corporation, Bengaluru, Bangalore East, Bengaluru Urban, Karnataka, 560016, India",Bengaluru,Karnataka,560016,India,13.0428013,77.6799804,shops
1776 - S S liquor zone,"Horamavu Agara Main Road, Horamavu, Bengaluru East City Corporation, Bengaluru, Bangalore East, Bengaluru Urban, Karnataka, 560113, India",Bengaluru,Karnataka,560113,India,13.0318907,77.660783,shops
11607 - The Liquor Boutique- T. Dasarahalli,"Jalahalli Road, Peenya Industrial Area, Dasarahalli, Bengaluru North City Corporation, Bengaluru, Bangalore North, Bengaluru Urban, Karnataka, 560057, India",Bengaluru,Karnataka,560057,India,13.0422452,77.5197754,shops
44417 - Sai maruthi and co,"Nehru Road, KFSC Layout, Kammanahalli, HRBR Layout, Bengaluru North City Corporation, Bengaluru, Bangalore North, Bengaluru Urban, Karnataka, 560084, India",Bengaluru,Karnataka,560084,India,13.0145894,77.6352645,shops
43511 - Kass Venture 2,"Peenya Industrial Area, Dasarahalli, Bengaluru North City Corporation, Bengaluru, Bangalore North, Bengaluru Urban, Karnataka, 560057, India",Bengaluru,Karnataka,560057,India,13.0435428,77.5205758,shops
44344 - Antera Marathalli,"Service Road, MSR Layout, Munnenkolalu, Bengaluru East City Corporation, Bengaluru, Bangalore East, Bengaluru Urban, Karnataka, 560037, India",Bengaluru,Karnataka,560037,India,12.9470657,77.6990084,shops
42837 - Jimis Beer Cafe - Indiranagar,"5th Cross Road, Motappanapalya, Indiranagar, Jogpalya, Bengaluru Central City Corporation, Bengaluru, Bangalore North, Bengaluru Urban, Karnataka, 560008, India",Bengaluru,Karnataka,560008,India,12.9730829,77.6380142,shops
17852 - Sunrise Spirits,"Snnuggle Home Decor, 12, Kodigehalli Road, Alfa Gardens, Hoodi, Bengaluru East City Corporation, Bengaluru, Bangalore East, Bengaluru Urban, Karnataka, 560049, India",Bengaluru,Karnataka,560049,India,13.0044596,77.7151166,shops
41724 - Unique Liquor- Harlur Road,"Mahaveer Orthopeadic Clinic, Shub Enclave, 47, Haralur Road, Royal Placid Layout, Haralur, Kasavanahalli, Bengaluru South City Corporation, Bengaluru, Bangalore South, Bengaluru Urban, Karnataka, 560103, India",Bengaluru,Karnataka,560103,India,12.914138,77.6668828,shops
19512 - High Spirits (Nagenalli),"Doddaballapur Road, Harohalli, Raja Kempegowda Ward, Bengaluru North City Corporation, Bengaluru, Yelahanka taluku, Bengaluru Urban, Karnataka, 560064, India",Bengaluru,Karnataka,560064,India,13.1280499,77.5727152,shops
19779 - Surapana - Hosa Road,"Andhra Bank, D.NO.9/1 A ,, Central Jail Road, KPC Layout, Kaikondrahalli, Kasavanahalli, Bengaluru South City Corporation, Bengaluru, Bangalore South, Bengaluru Urban, Karnataka, 560035, India",Bengaluru,Karnataka,560035,India,12.9086132,77.6762971,shops
14134 - Bhagni sprits,"Bhagini Pavilion, Doddaballapur Road, Shinganayakanahalli, Honnenahalli, Yelahanka taluku, Bengaluru Urban, Karnataka, 560064, India",Bengaluru,Karnataka,560064,India,13.1452171,77.5702296,shops
10231 - Madhuloka Sarjapur 1,"Pizza Hut, Sarjapura Road, Kasavanahalli, Kaikondrahalli, Kasavanahalli, Bengaluru South City Corporation, Bengaluru, Bangalore East, Bengaluru Urban, Karnataka, 560035, India",Bengaluru,Karnataka,560035,India,12.9117593,77.6816732,shops
41258 - Scotch Yard - Yelahanka,"Isaac Layout, Doddabettahalli, Bengaluru North City Corporation, Bengaluru, Yelahanka taluku, Bengaluru Urban, Karnataka, 560064, India",Bengaluru,Karnataka,560064,India,13.1155919,77.578511,shops
18148 - Top Shelf - Whitefield,"Malabar Jewelers, Whitefield Main Road, Sai Layout, Whitefield, Bengaluru East City Corporation, Bengaluru, Bangalore East, Bengaluru Urban, Karnataka, 560066, India",Bengaluru,Karnataka,560066,India,12.9679435,77.7499107,shops
18547 - Rajdhani - Puttenahalli,"Kanti Sweets, Doddaballapur Road, Vinayaka Layout, Yelahanka Satellite Town, Bengaluru North City Corporation, Bengaluru, Yelahanka taluku, Bengaluru Urban, Karnataka, 560064, India",Bengaluru,Karnataka,560064,India,13.1077424,77.5807048,shops
44419 - kariyambika hotel (Slr group),"Minerva Bakery & Sweets, Sarjapura Road, Thigalachowdadenahalli, Yamare, Anekal, Bengaluru Urban, Karnataka, 562125, India",Bengaluru,Karnataka,562125,India,12.8819473,77.7569742,shops
3471 - New Drops - Sarjapura,"Sarjapur Road, Akshaya Greens, Sarjapura, Anekal, Bengaluru Urban, Karnataka, 562125, India",Bengaluru,Karnataka,562125,India,12.8601061,77.7920387,shops
42319 - The waves,"Festo, Sarjapura Road, Sarjapura, Yamare, Anekal, Bengaluru Urban, Karnataka, 562125, India",Bengaluru,Karnataka,562125,India,12.8612399,77.7775122,shops
42269 - Kharva - Sarjapur,"Chai Resto, Sarjapura Road, Sarjapura, Yamare, Anekal, Bengaluru Urban, Karnataka, 562125, India",Bengaluru,Karnataka,562125,India,12.8614212,77.7759577,shops
44888 - Addin Spirits,"A K Gopalan Main Road, Ambedkar Nagar, S.M Krishna Ward, Bengaluru East City Corporation, Bengaluru, Bangalore East, Bengaluru Urban, Karnataka, 560067, India",Bengaluru,Karnataka,560067,India,12.9785952,77.7573246,shops
17347 - SLNS - Yelahanka,"1st Main Road, Yelahanka New Town, Yelahanka Satellite Town, Bengaluru North City Corporation, Bengaluru, Yelahanka taluku, Bengaluru Urban, Karnataka, 560064, India",Bengaluru,Karnataka,560064,India,13.1058732,77.5821393,shops
41324 - Honey World Wines,"Tall Oaks, 152/24-1, Whitefield - Hoskote Road, Shigehalli, Seegehalli, Bangalore East, Bengaluru Urban, Karnataka, 560067, India",Bengaluru,Karnataka,560067,India,13.0198598,77.7622635,shops
44404 - isiri bar,"Thigalachowdadenahalli, Dommasandra, Anekal, Bengaluru Urban, Karnataka, 562125, India",Bengaluru,Karnataka,562125,India,12.883082,77.7539934,shops
18861 - High Spirits (Kogillu),"Donne Biriyani Mess, Bhagyada Bagilu Road, Gandhinagar, Yelahanka, Yelahanka Old Town, Bengaluru North City Corporation, Bengaluru, Yelahanka taluku, Bengaluru Urban, Karnataka, 560064, India",Bengaluru,Karnataka,560064,India,13.1025656,77.5996928,shops
44357 - Kick Tonic 1,"Whitefield - Hoskote Road, Belathur, Bengaluru East City Corporation, Bengaluru, Bangalore East, Bengaluru Urban, Karnataka, 560067, India",Bengaluru,Karnataka,560067,India,13.0081728,77.7579158,shops
18560 - Madhuloka - Near Sarjapur 2,"Sarjapura Road, Dommasandra, Anekal, Bengaluru Urban, Karnataka, 562125, India",Bengaluru,Karnataka,562125,India,12.8854378,77.7465718,shops
12449 - PRAVEEN WINES,"Medahalli-Kadugodi Road, Medahalli, Bengaluru East City Corporation, Bengaluru, Bangalore East, Bengaluru Urban, Karnataka, 560049, India",Bengaluru,Karnataka,560049,India,13.0209927,77.7208575,shops
18272 - Surapana MRP - Sarjapur Main Road,"Dommasandra, Heggondahalli, Anekal, Bengaluru Urban, Karnataka, 560087, India",Bengaluru,Karnataka,560087,India,12.8875793,77.7385064,shops
17990 - SLR A RBP Wines (Chowdeswari Wines),"Pratham Motors-NEXA, 120, Sarjapura Road, Doddakannalli, Gunjur, Bengaluru East City Corporation, Bengaluru, Bangalore East, Bengaluru Urban, Karnataka, 560035, India",Bengaluru,Karnataka,560035,India,12.9086848,77.6911529,shops
43154 - Yuki Sarjapur,"Malabar, Sarjapura Road, Kasavanahalli, Bengaluru South City Corporation, Bengaluru, Bangalore East, Bengaluru Urban, Karnataka, 560035, India",Bengaluru,Karnataka,560035,India,12.9126521,77.679979,shops
14637 - Scotch Yard- Sarjapur Road,"Springfield Apartments, Kasavanahalli, Bengaluru South City Corporation, Bengaluru, Bangalore South, Bengaluru Urban, Karnataka, 560103, India",Bengaluru,Karnataka,560103,India,12.918385,77.669815,shops
15943 - Madhuloka - SILKBOARD Marath halli road,"Madhuloka, Outer Ring Road, Iblur, Shivanasamudra Ward, Bengaluru East City Corporation, Bengaluru, Bangalore South, Bengaluru Urban, Karnataka, 560103, India",Bengaluru,Karnataka,560103,India,12.9224268,77.6682567,shops
44871 - Drops Total Spirit Sarjapura,"Drops Spirits, Sarjapura Road, Ambalipura, Kaikondrahalli, Shivanasamudra Ward, Bengaluru East City Corporation, Bengaluru, Bangalore South, Bengaluru Urban, Karnataka, 560103, India",Bengaluru,Karnataka,560103,India,12.9201644,77.6665828,shops
40059 - Ujwal Bar,"CMM, Krishnappa Block, Gangenahalli, Bengaluru North City Corporation, Bengaluru, Bangalore North, Bengaluru Urban, Karnataka, 560032, India",Bengaluru,Karnataka,560032,India,13.0222927,77.5923459,shops
43178 - Prince Liquor,"Medahalli, Bengaluru East City Corporation, Bengaluru, Bangalore East, Bengaluru Urban, Karnataka, 560049, India",Bengaluru,Karnataka,560049,India,13.0170366,77.7048304,shops
17932 - Scotch Yard - Hennur Road,"Vrushabadri Willows, #7, Hennuru - Bagaluru Road, HBR Layout 4th Block, Hennur, Bengaluru North City Corporation, Bengaluru, Bangalore North, Bengaluru Urban, Karnataka, 560043, India",Bengaluru,Karnataka,560043,India,13.0341173,77.6384104,shops
42728 - Swapnalok - HBR Layout,"Nissan, Service Road, HBR Layout 4th Block, Hennur, Bengaluru North City Corporation, Bengaluru, Bangalore North, Bengaluru Urban, Karnataka, 560043, India",Bengaluru,Karnataka,560043,India,13.0328048,77.6299726,shops
17239 - Madhuloka - Mahadevapura,"Mass pharma, # 90A, Whitefield Road, Garudachar Palya, Bengaluru East City Corporation, Bengaluru, Bangalore East, Bengaluru Urban, Karnataka, 560048, India",Bengaluru,Karnataka,560048,India,12.9950999,77.6971098,shops
18829 - Arogyaswami,"Rachenahalli Main Road, Arkavathy Layout 11th Block, Thanisandra, Bengaluru North City Corporation, Bengaluru, Bangalore East, Bengaluru Urban, Karnataka, 560045, India",Bengaluru,Karnataka,560045,India,13.0573526,77.6272105,shops
19889 - Unique Liquor Hoodi,"Hoodi Main Road, Hoodi, Kaveri Nagara, Bengaluru East City Corporation, Bengaluru, Bangalore East, Bengaluru Urban, Karnataka, 560048, India",Bengaluru,Karnataka,560048,India,12.9900372,77.7137262,shops
19333 - Green Sprits,"Arkavathy Layout Main Road, Arkavathy Layout 8th Block, Arkavathy Layout, Jakkur, Bengaluru North City Corporation, Bengaluru, Yelahanka taluku, Bengaluru Urban, Karnataka, 560064, India",Bengaluru,Karnataka,560064,India,13.0709146,77.6189165,shops
44877 - House of Spirits,"Whitefield Road, Rajpalya, Hoodi, Kaveri Nagara, Bengaluru East City Corporation, Bengaluru, Bangalore East, Bengaluru Urban, Karnataka, 560048, India",Bengaluru,Karnataka,560048,India,12.9913029,77.7208994,shops
45086 - Liquor Malt,"Manipal Hospitals Whitefield, Manipal Hospitals Whitefield #143, 212-2015, Whitefield Road, Kaveri Nagara, Bengaluru East City Corporation, Bengaluru, Bangalore East, Bengaluru Urban, Karnataka, 560048, India",Bengaluru,Karnataka,560048,India,12.9883779,77.7298618,shops
41862 - Liquor Library-2,"Liqour Library, 120A2, 2nd Road, EPIP Zone, Bharath Aikya Ward, Bengaluru East City Corporation, Bengaluru, Bangalore East, Bengaluru Urban, Karnataka, 560066, India",Bengaluru,Karnataka,560066,India,12.9769093,77.7250045,shops
45304 - The Liquor House jakkur,"BESCOM, Arkavathy Layout Main Road, Arkavathy Layout 8th Block, Arkavathy Layout, Jakkur, Bengaluru North City Corporation, Bengaluru, Yelahanka taluku, Bengaluru Urban, Karnataka, 560064, India",Bengaluru,Karnataka,560064,India,13.0721245,77.6058399,shops
41877 - Golden Amulya,"7, Arkavathy Layout Main Road, Arkavathy Layout 8th Block, Arkavathy Layout, Jakkur, Bengaluru North City Corporation, Bengaluru, Yelahanka taluku, Bengaluru Urban, Karnataka, 560064, India",Bengaluru,Karnataka,560064,India,13.072336,77.6051924,shops
19725 - Sling- Whitefield,"Stayfit, Varthur Road, Ramagondanahalli, Whitefield, Bengaluru East City Corporation, Bengaluru, Bangalore East, Bengaluru Urban, Karnataka, 560066, India",Bengaluru,Karnataka,560066,India,12.9572387,77.7451024,shops
40841 - Brundavan Liquor Mart - Amruta Halli,"Arkavathy Layout, Jakkur, Bengaluru North City Corporation, Bengaluru, Yelahanka taluku, Bengaluru Urban, Karnataka, 560092, India",Bengaluru,Karnataka,560092,India,13.0624573,77.6093569,shops
20117 - TOSCANO - WHITEFIELD,"Varthur Road, Thubarahalli, Whitefield, Bengaluru East City Corporation, Bengaluru, Bangalore East, Bengaluru Urban, Karnataka, 560066, India",Bengaluru,Karnataka,560066,India,12.9564572,77.7318524,shops
44585 - Tins and Bottles,"Dasarahalli Main Road, Buvaneswari Nagara, Byatarayanapura, Bengaluru North City Corporation, Bengaluru, Bangalore North, Bengaluru Urban, Karnataka, 560024, India",Bengaluru,Karnataka,560024,India,13.0553325,77.5990729,shops
19949 - GULP,"296, 60 Feet Road, Maruthi Layout, AECS Layout, Priyadarshini Ward, Bengaluru East City Corporation, Bengaluru, Bangalore East, Bengaluru Urban, Karnataka, 560037, India",Bengaluru,Karnataka,560037,India,12.9641306,77.7126485,shops
20175 - Raasa Spirits - Hebbal,"Coffee Board Layout, Kempapura, Bengaluru North City Corporation, Bengaluru, Bangalore North, Bengaluru Urban, Karnataka, 560024, India",Bengaluru,Karnataka,560024,India,13.0489616,77.6036196,shops
45616 - DUNDUBHI TONIC,"Kempegowda Road, Dasarahalli, Kempapura, Bengaluru North City Corporation, Bengaluru, Bangalore East, Bengaluru Urban, Karnataka, 560024, India",Bengaluru,Karnataka,560024,India,13.051377,77.6120207,shops
12473 - Madhuloka - Kundalahalli,"Cosmos, Kundalahalli Main Road, AECS Layout B Block, Brookefield, Priyadarshini Ward, Bengaluru East City Corporation, Bengaluru, Bangalore East, Bengaluru Urban, Karnataka, 560066, India",Bengaluru,Karnataka,560066,India,12.9651786,77.7182436,shops
2565 - Red Rock - Wilson Garden,"Doctor M H Marigowda Road, Lakkasandra, Someshwara Nagara, Bengaluru Central City Corporation, Bengaluru, Bangalore North, Bengaluru Urban, Karnataka, 560030, India",Bengaluru,Karnataka,560030,India,12.9457601,77.5960181,shops
10717 - House of Spirits 3 - Whitefield,"Kundalahalli Main Road, AECS Layout B Block, Brookefield, Priyadarshini Ward, Bengaluru East City Corporation, Bengaluru, Bangalore East, Bengaluru Urban, Karnataka, 560066, India",Bengaluru,Karnataka,560066,India,12.9641955,77.7177708,shops
14817 - Karnataka Liquor Store - RT Nagar,"Bharat Petroleum, Ganga Nagar Flyover, Ganganagar, Bengaluru North City Corporation, Bengaluru, Bangalore North, Bengaluru Urban, Karnataka, 560024, India",Bengaluru,Karnataka,560024,India,13.0278935,77.5862417,shops
17942 - Liquor Library - Whitefield,"Green Domain Layout, EPIP Zone, Bharath Aikya Ward, Bengaluru East City Corporation, Bengaluru, Bangalore East, Bengaluru Urban, Karnataka, 560066, India",Bengaluru,Karnataka,560066,India,12.9705062,77.7125226,shops
13890 - BEER BOX RT NAGAR,"Krishnappa Block, Gangenahalli, Bengaluru North City Corporation, Bengaluru, Bangalore North, Bengaluru Urban, Karnataka, 560032, India",Bengaluru,Karnataka,560032,India,13.0230279,77.5926112,shops
16523 - Aditya Liquors,"Tango, Alpine Eco Road, Wasa Layout, Doddanekundi, Dodda Nekkundi, Bengaluru East City Corporation, Bengaluru, Bangalore East, Bengaluru Urban, Karnataka, 560048, India",Bengaluru,Karnataka,560048,India,12.9726873,77.6998839,shops
11199 - Langford Wines,"Skyline Apartments, 548, Langford Road, Pudupadacheri, Richmond Town, Shanthinagar, Bengaluru Central City Corporation, Bengaluru, Bangalore North, Bengaluru Urban, Karnataka, 560025, India",Bengaluru,Karnataka,560025,India,12.9611639,77.5998913,shops
19482 - Beer Box Sadashivnagar,"1/14, 10th Main Road, Achaiah Chetty Layout, Sadashivanagar, Sadashiva Nagara, Bengaluru West City Corporation, Bengaluru, Bangalore North, Bengaluru Urban, Karnataka, 560080, India",Bengaluru,Karnataka,560080,India,13.0108937,77.5834986,shops
2870 - Shetty Lunch Home - Sadashivanagar,"Shetty Lunch Home, Mahalakshmi Temple Road, Lower Palace Orchard, Guttahalli, Rajamahal, Bengaluru West City Corporation, Bengaluru, Bangalore North, Bengaluru Urban, Karnataka, 560003, India",Bengaluru,Karnataka,560003,India,13.0055887,77.5787869,shops
17128 - SG Liquors- Mahadevpura,"Mahadevapura Main Road, Kamdhenu Nagar, B. Narayanapura, A Narayanapura, Bengaluru East City Corporation, Bengaluru, Bangalore East, Bengaluru Urban, Karnataka, 560048, India",Bengaluru,Karnataka,560048,India,12.9929568,77.6889906,shops
11127 - PS Liquor - Mahadevapura Oiter Ring Road,"Outer Ring Road, Kamdhenu Nagar, B. Narayanapura, Mahadevapura, Bengaluru East City Corporation, Bengaluru, Bangalore East, Bengaluru Urban, Karnataka, 560016, India",Bengaluru,Karnataka,560016,India,12.9946014,77.6848497,shops
2813 - Anurag Wines,"Cane City, A010, Brigade Road, Ashok Nagar, Ashokanagar, Bengaluru Central City Corporation, Bengaluru, Bangalore North, Bengaluru Urban, Karnataka, 560025, India",Bengaluru,Karnataka,560025,India,12.9713117,77.6070017,shops
41216 - Orange Sprits,"Lower Palace Orchard, Guttahalli, Rajamahal, Bengaluru West City Corporation, Bengaluru, Bangalore North, Bengaluru Urban, Karnataka, 560003, India",Bengaluru,Karnataka,560003,India,13.0036239,77.5786974,shops
45126 - Chinmay Residency Varthur,"Varthur, Bengaluru East City Corporation, Bengaluru, Bangalore East, Bengaluru Urban, Karnataka, 560087, India",Bengaluru,Karnataka,560087,India,12.9287646,77.7392835,shops
00379 - Radha wines,"Hoskote, Hosakote taluk, Bengaluru North, Karnataka, 562114, India",Bengaluru,Karnataka,562114,India,13.074344,77.791236,shops
16156 - L G Bar,"National Highway 207, Hoskote, Hosakote taluk, Bengaluru North, Karnataka, 562114, India",Bengaluru,Karnataka,562114,India,13.0734708,77.7885573,shops
340 - M S wines,"Hosahalli, Hosakote taluk, Bengaluru North, Karnataka, 560117, India",Bengaluru,Karnataka,560117,India,12.9747472,77.8284377,shops
321 - Sai Venkateshwara Wines,"Dabaspete - Hosur Highway, Hoskote, Hosakote taluk, Bengaluru North, Karnataka, 562114, India",Bengaluru,Karnataka,562114,India,13.0703187,77.7870265,shops
42896 - Thirumala Wines,"Bellandur Main Road, Bellanduru, Bellandur, Bengaluru East City Corporation, Bengaluru, Bangalore East, Bengaluru Urban, Karnataka, 560103, India",Bengaluru,Karnataka,560103,India,12.9287494,77.6764141,shops
19946 - Durga spirits,"Bellandur Main Road, Bellanduru, Bellandur, Bengaluru East City Corporation, Bengaluru, Bangalore East, Bengaluru Urban, Karnataka, 560103, India",Bengaluru,Karnataka,560103,India,12.9288368,77.6764692,shops
41694 - GOLD HORSE SPRITS,"Sai Baba Mandira Road, Someshwarapura, Indiranagar, Jogpalya, Bengaluru Central City Corporation, Bengaluru, Bangalore North, Bengaluru Urban, Karnataka, 560008, India",Bengaluru,Karnataka,560008,India,12.9706751,77.633349,shops
12056 - TOXIC PUB AND KITCHEN,"Malabar Kitchen, Service Road, Green Glen Layout, Bellanduru, Bellandur, Bengaluru East City Corporation, Bengaluru, Bangalore East, Bengaluru Urban, Karnataka, 560103, India",Bengaluru,Karnataka,560103,India,12.925998,77.6759783,shops
2515 - Blue Land Wines,"Cherry Lane, Green Glen Layout, Bellandur, Bengaluru East City Corporation, Bengaluru, Bangalore South, Bengaluru Urban, Karnataka, 560103, India",Bengaluru,Karnataka,560103,India,12.9272528,77.6698407,shops
11116 - All About Liquor - Hebbala,"Volkswagen, Service Road, Jogappa Layout, Kempapura, Bengaluru North City Corporation, Bengaluru, Bangalore North, Bengaluru Urban, Karnataka, 560024, India",Bengaluru,Karnataka,560024,India,13.0416717,77.5945611,shops
44720 - NA,"Avalahalli Main Road, Byrathi, Bengaluru East City Corporation, Bengaluru, Bangalore East, Bengaluru Urban, Karnataka, 560077, India",Bengaluru,Karnataka,560077,India,13.0560126,77.6528734,shops
41868 - AMULYA RELAX INN,"Bagalur Road, Dwaraka Nagar, Kogilu, Bengaluru North City Corporation, Bengaluru, Yelahanka taluku, Bengaluru Urban, Karnataka, 560063, India",Bengaluru,Karnataka,560063,India,13.1213555,77.6183328,shops
44784 - Drops Bagalur,"Bagalur Road, Kogilu, Bengaluru North City Corporation, Bengaluru, Yelahanka taluku, Bengaluru Urban, Karnataka, 560063, India",Bengaluru,Karnataka,560063,India,13.1221962,77.63097,shops
18134 - Star Amulya,"SpeedWorks Boulevard, Muthugadahalli, Beguru, Yelahanka taluku, Bengaluru Urban, Karnataka, 562149, India",Bengaluru,Karnataka,562149,India,13.1833526,77.6797491,shops
16796 - SHOBHA BAR,"Kadiganahalli, Vidyanagar, Yelahanka taluku, Bengaluru Urban, Karnataka, 562157, India",Bengaluru,Karnataka,562157,India,13.1600905,77.6290023,shops
1315 - Shobha Wines - Yelahanka,"Mrp Wine Shop, Sir MVIT College Road, Sonnappanahalli, Bengaluru, Yelahanka taluku, Bengaluru Urban, Karnataka, 562157, India",Bengaluru,Karnataka,562157,India,13.1524196,77.6171785,shops
42319 - T.K Chaithra Waves Bar,"Festo, Sarjapura Road, Sarjapura, Yamare, Anekal, Bengaluru Urban, Karnataka, 562125, India",Bengaluru,Karnataka,562125,India,12.8613183,77.7775479,shops
14093 - Amulya Liquors - Yelahanka,"293, 1st A Main Road, Nyayanga Badavane, Bengaluru North City Corporation, Bengaluru, Yelahanka taluku, Bengaluru Urban, Karnataka, 560065, India",Bengaluru,Karnataka,560065,India,13.0932327,77.5823517,shops
18143 - Madhu wines,"Euro Fitness Center, 364, Kaggadasapura Main Road, Vignananagara, Bengaluru East City Corporation, Bengaluru, Bangalore East, Bengaluru Urban, Karnataka, 560075, India",Bengaluru,Karnataka,560075,India,12.9751434,77.678863,shops
14946 - AMULYA SCOTCH,"Kodigehalli Road, Thindlu, Bengaluru North City Corporation, Bengaluru, Yelahanka taluku, Bengaluru Urban, Karnataka, 560097, India",Bengaluru,Karnataka,560097,India,13.0629223,77.5728161,shops
44135 - Krystal bar,"Kodigehalli Main Road, Badrappa Layout, Rajiv Gandhi Nagar, Bengaluru North City Corporation, Bengaluru, Yelahanka taluku, Bengaluru Urban, Karnataka, 560094, India",Bengaluru,Karnataka,560094,India,13.0513762,77.574908,shops
43784 - Lake view Hotel,"Kempegowda Road, Arkavathy Layout, Jakkur, Bengaluru North City Corporation, Bengaluru, Yelahanka taluku, Bengaluru Urban, Karnataka, 560092, India",Bengaluru,Karnataka,560092,India,13.0627407,77.6092304,shops
15760 - Mayuri Liquor,"Kodigehalli Road, Alfa Gardens, Basavanapura, Bengaluru East City Corporation, Bengaluru, Bangalore East, Bengaluru Urban, Karnataka, 560049, India",Bengaluru,Karnataka,560049,India,13.0045314,77.7142321,shops
42667 - Brundavana Bar,"Maithri Layout, Kadugodi, Bengaluru East City Corporation, Bengaluru, Bangalore East, Bengaluru Urban, Karnataka, 560067, India",Bengaluru,Karnataka,560067,India,12.9877327,77.7598639,shops
42380 - Surya Manyata House,"Rachenahalli Main Road, Arkavathy Layout 11th Block, Thanisandra, Bengaluru North City Corporation, Bengaluru, Bangalore East, Bengaluru Urban, Karnataka, 560045, India",Bengaluru,Karnataka,560045,India,13.0590057,77.6267528,shops
14331 - Konnian wines,"Haralur Road, Kudlu, Bengaluru South City Corporation, Bengaluru, Anekal, Bengaluru Urban, Karnataka, 560068, India",Bengaluru,Karnataka,560068,India,12.8916991,77.6559686,shops
11916 - Bhagini Hospitality Pvt Ltd - ITPL,"Bhagini Residency, Ecumenical Christian Center Road, Prithvi Layout, Pattanduru Agrahara, S.M Krishna Ward, Bengaluru East City Corporation, Bengaluru, Bangalore East, Bengaluru Urban, Karnataka, 560066, India",Bengaluru,Karnataka,560066,India,12.9862099,77.7449165,shops
12157 - JYOTHI WINES,"Siddapura Road, Whitefield, Bengaluru East City Corporation, Bengaluru, Bangalore East, Bengaluru Urban, Karnataka, 560066, India",Bengaluru,Karnataka,560066,India,12.9647322,77.7332699,shops
43654 - LIQUOR POINT,"Decofield, Siddapura Road, Whitefield, Bengaluru East City Corporation, Bengaluru, Bangalore East, Bengaluru Urban, Karnataka, 560066, India",Bengaluru,Karnataka,560066,India,12.9563817,77.7311673,shops
43082 - Liquor World,"Silver County Road, Kudlu, Bengaluru South City Corporation, Bengaluru, Anekal, Bengaluru Urban, Karnataka, 560068, India",Bengaluru,Karnataka,560068,India,12.89422,77.6630717,shops
41777 - Bangalore Toniq- Marathahalli,"Varthur Road, Silver Springs Layout, Priyadarshini Ward, Bengaluru East City Corporation, Bengaluru, Bangalore East, Bengaluru Urban, Karnataka, 560037, India",Bengaluru,Karnataka,560037,India,12.9563739,77.710437,shops
11311 - SVR Drops,"RDB Stillwaters, Kudlu, Bengaluru South City Corporation, Bengaluru, Anekal, Bengaluru Urban, Karnataka, 560103, India",Bengaluru,Karnataka,560103,India,12.8945374,77.6632255,shops
42491 - Bangalore Spirits,"Walls and Acres, 35/1B, Varthur Road, Silver Springs Layout, Priyadarshini Ward, Bengaluru East City Corporation, Bengaluru, Bangalore East, Bengaluru Urban, Karnataka, 560037, India",Bengaluru,Karnataka,560037,India,12.9564265,77.7096599,shops
358 - Bolt liquor,"Devanahalli, Devanahalli taluku, Bengaluru North, Karnataka, 562110, India",Bengaluru,Karnataka,562110,India,13.2431645,77.7040706,shops
43965 - Sprits Zone,"Ballari Road, Devanahalli, Devanahalli taluku, Bengaluru North, Karnataka, 562110, India",Bengaluru,Karnataka,562110,India,13.2576522,77.7135559,shops
19950 - Giri Liquor,"Ballari Road, Mudugurki, Devanahalli taluku, Bengaluru North, Karnataka, 562164, India",Bengaluru,Karnataka,562164,India,13.3285889,77.7252882,shops
18916 - AR Liquors,"5th Cross Road, OMBR Layout, Banaswadi, Bengaluru North City Corporation, Bengaluru, Bangalore East, Bengaluru Urban, Karnataka, 560043, India",Bengaluru,Karnataka,560043,India,13.0131286,77.6499635,shops
534 - Bharathi Wines,"Nandhi Hills Road, Mudiganahalli, Devanahalli taluku, Bengaluru North, Karnataka, 562164, India",Bengaluru,Karnataka,562164,India,13.347165,77.6863567,shops
41519 - My Spirits - HRBR,"Hotel Little Imperial, 5, AC 921, Basbusabpalaya Service Road, Babusab Palya, Bengaluru East City Corporation, Bengaluru, Bangalore East, Bengaluru Urban, Karnataka, 560043, India",Bengaluru,Karnataka,560043,India,13.0228185,77.6476418,shops
13933 - GK Spirits,"Rayaru's Kitchen, Indiranagar Double Road, ISRO Colony, Jogpalya, Bengaluru Central City Corporation, Bengaluru, Bangalore North, Bengaluru Urban, Karnataka, 560008, India",Bengaluru,Karnataka,560008,India,12.9728167,77.6357417,shops
42603 - chill out bar,"Marasuru, Anekal, Bengaluru Urban, Karnataka, 562107, India",Bengaluru,Karnataka,562107,India,12.7686845,77.7012194,shops
44424 - GRAPE JUICE,"W H Hanumanthappa Road, Gandhinagar, Nehru Nagar, Bengaluru Central City Corporation, Bengaluru, Bangalore North, Bengaluru Urban, Karnataka, 560009, India",Bengaluru,Karnataka,560009,India,12.9752157,77.5770649,shops
43792 - MGR 2,"SH35, Indlabele, Attibele, Anekal, Bengaluru Urban, Karnataka, 562107, India",Bengaluru,Karnataka,562107,India,12.7822132,77.7721558,shops
44617 - Sri Brew Kichen,"Indlabele, Anekal, Bengaluru Urban, Karnataka, 562107, India",Bengaluru,Karnataka,562107,India,12.7941268,77.7794043,shops
16673 - SLV,"Bidarakuppe, Bidaraguppe, Anekal, Bengaluru Urban, Karnataka, 562107, India",Bengaluru,Karnataka,562107,India,12.8049052,77.7835734,shops
45185 - Aishwarya Spirits & Lodging,"SH35, Bidarakuppe, Bidaraguppe, Anekal, Bengaluru Urban, Karnataka, 562107, India",Bengaluru,Karnataka,562107,India,12.8080831,77.7839626,shops
2931 - The Peak bar and Pub,"Renaissance Aero, Byatarayanapura, Bengaluru North City Corporation, Bengaluru, Yelahanka taluku, Bengaluru Urban, Karnataka, 560064, India",Bengaluru,Karnataka,560064,India,13.0729949,77.5952927,shops
19278 - The Liquor Store - Nagavara,"TMR Road, Kempapura, Bengaluru North City Corporation, Bengaluru, Bangalore North, Bengaluru Urban, Karnataka, 560045, India",Bengaluru,Karnataka,560045,India,13.0413705,77.6222448,shops
19866 - Temple Tree Ventures,"Aurah Spa And Salon, 2726, 80 Feet Road, Hutting Colony, Thippasandra, Indiranagar, Bengaluru Central City Corporation, Bengaluru, Bangalore East, Bengaluru Urban, Karnataka, 560038, India",Bengaluru,Karnataka,560038,India,12.97976,77.646355,shops
10465 - Southern Star Hotel - Lavelle Road,"40/2, Lavelle Road, Shanthala Nagar, Ashokanagar, Bengaluru Central City Corporation, Bengaluru, Bangalore North, Bengaluru Urban, Karnataka, 560001, India",Bengaluru,Karnataka,560001,India,12.9746795,77.5994238,shops
42775 - Art Photography Foundation (Cumulus),"Museum of Art and Photography, Kasturba Cross Road, Shanthala Nagar, Ashokanagar, Bengaluru Central City Corporation, Bengaluru, Bangalore North, Bengaluru Urban, Karnataka, 560001, India",Bengaluru,Karnataka,560001,India,12.9745114,77.596929,shops
17961 - Yazu Pan Asian,"Magnolia Bakery, State Bank Road, Shanthala Nagar, Ashokanagar, Bengaluru Central City Corporation, Bengaluru, Bangalore North, Bengaluru Urban, Karnataka, 560001, India",Bengaluru,Karnataka,560001,India,12.9734538,77.6018468,shops
41247 - Mayuri Bar,"Mayuri Wines, Gear School road, Panathur, Bengaluru East City Corporation, Bengaluru, Bangalore East, Bengaluru Urban, Karnataka, 560103, India",Bengaluru,Karnataka,560103,India,12.9268559,77.6948747,shops
42978 - Monkey Bar - Church Street,"1 Sobha, Church Street, Shanthala Nagar, Ashokanagar, Bengaluru Central City Corporation, Bengaluru, Bangalore North, Bengaluru Urban, Karnataka, 560001, India",Bengaluru,Karnataka,560001,India,12.9750454,77.6026704,shops
41669 - Pegs And Bottle,"50/1, Church Street, Shanthala Nagar, Ashokanagar, Bengaluru Central City Corporation, Bengaluru, Bangalore North, Bengaluru Urban, Karnataka, 560001, India",Bengaluru,Karnataka,560001,India,12.9752451,77.6037722,shops
19423 - Scotch Yard- RMV Extension,"Scotchyard, Jeevaraj Alva Road, Sadashivanagar, Sadashiva Nagara, Bengaluru West City Corporation, Bengaluru, Bangalore North, Bengaluru Urban, Karnataka, 560080, India",Bengaluru,Karnataka,560080,India,13.0144583,77.5736513,shops
44716 - MONTEZ SPRITS,"Sangolli Rayanna Road, Kaveri Pura, Pattegar Palya, Bengaluru West City Corporation, Bengaluru, Bangalore North, Bengaluru Urban, Karnataka, 560079, India",Bengaluru,Karnataka,560079,India,12.976337,77.5247674,shops
19420 Metro wines,"100 Feet Road, 1st Block, Sir MV Layout, Ramasandra, Bengaluru, Bangalore South, Bengaluru Urban, Karnataka, 560056, India",Bengaluru,Karnataka,560056,India,12.9369161,77.4787472,shops
18742 - Venkateshwara Wines,"Royal Stag, Chord Road, Shivanahalli, Rajajinagara, Bengaluru West City Corporation, Bengaluru, Bangalore North, Bengaluru Urban, Karnataka, 560010, India",Bengaluru,Karnataka,560010,India,12.987743,77.5496537,shops
19115 - Total Wine and Spirits- Akshaya Nagar,"Andrahalli Main Road, Syndicate Bank Layout, Nada prabhu Kempegowda Nagara, Bengaluru West City Corporation, Bengaluru, Bangalore North, Bengaluru Urban, Karnataka, 560091, India",Bengaluru,Karnataka,560091,India,12.9991917,77.4889226,shops
41694-GOLD HORSE SPRITS,"Someshwarapura, Indiranagar, Jogpalya, Bengaluru Central City Corporation, Bengaluru, Bangalore North, Bengaluru Urban, Karnataka, 560008, India",Bengaluru,Karnataka,560008,India,12.970682,77.6333551,shops
10735 - All About Liquor - Sheshadripuram,"Hotel Swathi, 1, Railway Platform Road, Gandhinagar, Nehru Nagar, Bengaluru Central City Corporation, Bengaluru, Bangalore North, Bengaluru Urban, Karnataka, 560020, India",Bengaluru,Karnataka,560020,India,12.9886239,77.5722721,shops
11918 - Vanitha Wines,"6th Cross Road, Gandhinagar, Nehru Nagar, Bengaluru Central City Corporation, Bengaluru, Bangalore North, Bengaluru Urban, Karnataka, 560009, India",Bengaluru,Karnataka,560009,India,12.9791304,77.5769212,shops
41766 - Liquor Slot,"Hair Do Salon And Spa, 9, Horamavu Road, Muneshwara Layout, Hoysala Nagara East, Bengaluru East City Corporation, Bengaluru, Bangalore East, Bengaluru Urban, Karnataka, 560016, India",Bengaluru,Karnataka,560016,India,13.0206933,77.6733745,shops
42377 - Smt Gowramma,"Raghavendra Bhavan, 201, B Channasandra Main Road, OMBR Layout, Banaswadi, Bengaluru North City Corporation, Bengaluru, Bangalore East, Bengaluru Urban, Karnataka, 560043, India",Bengaluru,Karnataka,560043,India,13.0088681,77.6558994,shops
41868 - GOLDEN AMULYA WINES,"Bagalur Road, Dwaraka Nagar, Kogilu, Bengaluru North City Corporation, Bengaluru, Yelahanka taluku, Bengaluru Urban, Karnataka, 560063, India",Bengaluru,Karnataka,560063,India,13.1213105,77.6182955,shops
44878 - Liquor Collectivity,"Bhagini Ikon, Varthur Road, Munnenkolalu, Bengaluru East City Corporation, Bengaluru, Bangalore East, Bengaluru Urban, Karnataka, 560037, India",Bengaluru,Karnataka,560037,India,12.9557158,77.7143397,shops
19141 Madhu Shree Wines,"Shaneshwara Temple, Nagarabhavi Road, Kaveri Layout, Marenahalli West, Bengaluru West City Corporation, Bengaluru, Bangalore North, Bengaluru Urban, Karnataka, 560040, India",Bengaluru,Karnataka,560040,India,12.9714346,77.5268386,shops
40492 - LA clasic hotel,"Sri Mahadeshwara Swamy Temple, Hosur Road, Krishnasagara, Yadavanahalli, Anekal, Bengaluru Urban, Karnataka, 562107, India",Bengaluru,Karnataka,562107,India,12.7840553,77.7567936,shops
15491 - Sura Liquors,"Shivaganga Trinity Apartment, #15, Sai Baba Temple Road, Munekolala, Kundalahalli, Bengaluru East City Corporation, Bengaluru, Bangalore East, Bengaluru Urban, Karnataka, 560037, India",Bengaluru,Karnataka,560037,India,12.9500319,77.7156578,shops
2949 -Santosh wines,"Bapuji Nagar, Krishnadevaraya ward, Bengaluru West City Corporation, Bengaluru, Bangalore North, Bengaluru Urban, Karnataka, 560104, India",Bengaluru,Karnataka,560104,India,12.9641343,77.5409663,shops
15177 - Sri Devi Wines,"Hosahalli, Hosakote taluk, Bengaluru North, Karnataka, 560117, India",Bengaluru,Karnataka,560117,India,12.9770909,77.8285267,shops
371 - Ragavendra wines,"Dodda Dunnasandra, Hosakote taluk, Bengaluru North, Karnataka, 560117, India",Bengaluru,Karnataka,560117,India,12.9747448,77.8235281,shops
530 - Honnu Wines,"Sri Sai Palace & Convention Hall, Channasandra Main Road, Thirumalashettihalli, Hosakote taluk, Bengaluru North, Karnataka, 560067, India",Bengaluru,Karnataka,560067,India,12.9861913,77.778963,shops
19378 - Ruby Wines - Cunningham Road,"Ramana's, Cunningham Road, Kaverappa Layout, Vasanth Nagar, Bengaluru Central City Corporation, Bengaluru, Bangalore North, Bengaluru Urban, Karnataka, 560052, India",Bengaluru,Karnataka,560052,India,12.9887806,77.5939784,shops
19311 - G D Bar,"Ramaiah Street, Corporation Colony, Kodihalli, Bengaluru Central City Corporation, Bengaluru, Bangalore East, Bengaluru Urban, Karnataka, 560017, India",Bengaluru,Karnataka,560017,India,12.959995,77.6446451,shops
45211 - V K Boarding and lodging,"Kudlu, Bengaluru South City Corporation, Bengaluru, Anekal, Bengaluru Urban, Karnataka, 560068, India",Bengaluru,Karnataka,560068,India,12.887451,77.6561804,shops
16305 - Sling - Indiranagar,"836B, 10th A Main Road, Indiranagar 2nd Stage, Hoysala Nagara Central, Bengaluru Central City Corporation, Bengaluru, Bangalore North, Bengaluru Urban, Karnataka, 560038, India",Bengaluru,Karnataka,560038,India,12.9773058,77.6407801,shops
332 - Sri Lakshmi Wines,"Vijayapura, Devanahalli taluku, Bengaluru North, Karnataka, 562135, India",Bengaluru,Karnataka,562135,India,13.2954352,77.8009883,shops
17838 - Bangalore International Center - Domlur,"Bangalore International Centre - BIC, 4th Main Road, Domlur 2nd Stage, Domlur, Agaram, Bengaluru Central City Corporation, Bengaluru, Bangalore North, Bengaluru Urban, Karnataka, 560071, India",Bengaluru,Karnataka,560071,India,12.9667752,77.6354086,shops
17164 - Madhuloka - Varthur kodi,"MCC Towers, Varthur Road, Meenakshi Layout, Varthur, Bengaluru East City Corporation, Bengaluru, Bangalore East, Bengaluru Urban, Karnataka, 560066, India",Bengaluru,Karnataka,560066,India,12.9566992,77.7439751,shops
18933 - SR SPIRITS,"Synup, 596, 6th Cross Road, Koramangala 6th Block, Koramangala, Sri Lakshmi Devi Ward, Bengaluru South City Corporation, Bengaluru, Bangalore South, Bengaluru Urban, Karnataka, 560095, India",Bengaluru,Karnataka,560095,India,12.937102,77.6245992,shops
03364 -Liquor Mart,"Board Games Bazaar, 353, 8th Main Road, Sharada Colony, Basaveshwara Nagara, Bengaluru West City Corporation, Bengaluru, Bangalore North, Bengaluru Urban, Karnataka, 560079, India",Bengaluru,Karnataka,560079,India,12.991654,77.5379688,shops
510 - GURU WINES,"Nagenahalli, Mallenahalli, Devanahalli taluku, Bengaluru North, Karnataka, 562129, India",Bengaluru,Karnataka,562129,India,13.186664,77.7598449,shops
10764 - Golden Amulya Scotch - Baglur,"Bagalur Road, Dwaraka Nagar, Kogilu, Bengaluru North City Corporation, Bengaluru, Yelahanka taluku, Bengaluru Urban, Karnataka, 560063, India",Bengaluru,Karnataka,560063,India,13.1218516,77.6238352,shops
17862 - Enne Angadi - Medahalli,"Deutsche Motor works Whitefield, Whitefield Road, Kaveri Nagara, Bengaluru East City Corporation, Bengaluru, Bangalore East, Bengaluru Urban, Karnataka, 560048, India",Bengaluru,Karnataka,560048,India,12.9882471,77.7299561,shops
44879 - House Of Spirits - 5,"Bhagini Residency, Ecumenical Christian Center Road, Prithvi Layout, Pattanduru Agrahara, S.M Krishna Ward, Bengaluru East City Corporation, Bengaluru, Bangalore East, Bengaluru Urban, Karnataka, 560066, India",Bengaluru,Karnataka,560066,India,12.9862457,77.744908,shops
16158 - Golden wines,"Bisanahalli, Hosakote taluk, Bengaluru North, Karnataka, 560117, India",Bengaluru,Karnataka,560117,India,12.9843169,77.8214024,shops
15039 - Maha Lakshnmi Wines,"Channasandra Main Road, Channasandra, Bengaluru East City Corporation, Bengaluru, Bangalore East, Bengaluru Urban, Karnataka, 560066, India",Bengaluru,Karnataka,560066,India,12.969323,77.7659142,shops
13300 - Under World -TC Palya Main Road,"Thambuchettypalya Main Road, Anandapura, T.C Palya, Bengaluru East City Corporation, Bengaluru, Bangalore East, Bengaluru Urban, Karnataka, 560036, India",Bengaluru,Karnataka,560036,India,13.0235558,77.6957063,shops
3096 - Sapthagiri Bar- Subramanya Nagar,"Sapthagiri Bar & Restaurant, Dr. Rajkumar Road, Gayathri Nagara, Bengaluru West City Corporation, Bengaluru, Bangalore North, Bengaluru Urban, Karnataka, 560021, India",Bengaluru,Karnataka,560021,India,13.0014482,77.5533025,shops
11083 - High Spirits (Kothanur),"Hennur Bagalur Road, Kothanur, K Narayanapura, Bengaluru East City Corporation, Bengaluru, Bangalore East, Bengaluru Urban, Karnataka, 560077, India",Bengaluru,Karnataka,560077,India,13.0631563,77.6495876,shops
41346 - SVRS Banaswadi,"Banaswadi Main Road, HRBR Layout 1st Block, Banaswadi, Bengaluru North City Corporation, Bengaluru, Bangalore East, Bengaluru Urban, Karnataka, 560043, India",Bengaluru,Karnataka,560043,India,13.0129257,77.6481463,shops
42319 - Wave - Sarjapur,"Festo, Sarjapura Road, Sarjapura, Yamare, Anekal, Bengaluru Urban, Karnataka, 562125, India",Bengaluru,Karnataka,562125,India,12.8612754,77.7774738,shops
45384 - NA,"Service Road, Panathur, Bengaluru East City Corporation, Bengaluru, Bangalore East, Bengaluru Urban, Karnataka, 560037, India",Bengaluru,Karnataka,560037,India,12.9482082,77.6988907,shops
19851 - Bangalore Bar & Restaurant - Church Street,"36, Church Street, Shanthala Nagar, Ashokanagar, Bengaluru Central City Corporation, Bengaluru, Bangalore North, Bengaluru Urban, Karnataka, 560001, India",Bengaluru,Karnataka,560001,India,12.9755038,77.6028086,shops
17803 - Keethana Wines,"Jaya Krishna Clinic, Anekal Main Road, Chandapura, Kittaganahalli, Anekal, Bengaluru Urban, Karnataka, 560081, India",Bengaluru,Karnataka,560081,India,12.7967295,77.7066862,shops
15592 - Rkr Wines,"Jigani Industrial Estate Road, Jigani Industrial Estate, Jigani, Anekal, Bengaluru Urban, Karnataka, 560105, India",Bengaluru,Karnataka,560105,India,12.7789247,77.6430755,shops
42105 - Rashi Grand Garden,"Aryan Fountain Square, Indlabele, Attibele, Anekal, Bengaluru Urban, Karnataka, 562107, India",Bengaluru,Karnataka,562107,India,12.786516,77.7744751,shops
43995 - House of Spirits 7,"Queenhills PG Road, Prashanth Extension, S.M Krishna Ward, Bengaluru East City Corporation, Bengaluru, Bangalore East, Bengaluru Urban, Karnataka, 560066, India",Bengaluru,Karnataka,560066,India,12.9819106,77.7514028,shops
45075 - Surpana,"Attibele, Anekal, Bengaluru Urban, Karnataka, 562107, India",Bengaluru,Karnataka,562107,India,12.7781009,77.7696243,shops
45002 - MGR Wines,"Attibele, Anekal, Bengaluru Urban, Karnataka, 562107, India",Bengaluru,Karnataka,562107,India,12.77731,77.7697216,shops
42491 - Bangalore Spirits - Marathahalli,"Walls and Acres, 35/1B, Varthur Road, Silver Springs Layout, Priyadarshini Ward, Bengaluru East City Corporation, Bengaluru, Bangalore East, Bengaluru Urban, Karnataka, 560037, India",Bengaluru,Karnataka,560037,India,12.9564157,77.7096415,shops
42387 - Decoction- Hennur Road,"My Chicken and More, Hennur Bagalur Road, K Narayanapura, Bengaluru East City Corporation, Bengaluru, Bangalore East, Bengaluru Urban, Karnataka, 560077, India",Bengaluru,Karnataka,560077,India,13.0478676,77.6447448,shops
42241 - Quench- Whitefield,"GlobalDesi, Whitefield Road, Chikka Devasandra, Bengaluru East City Corporation, Bengaluru, Bangalore East, Bengaluru Urban, Karnataka, 560048, India",Bengaluru,Karnataka,560048,India,12.9953336,77.697059,shops
40618 - Royal prethum wines,"Pranam Dental and Medical Speciality Clinic, Hare Krishna Road, Kumara Park East, High Grounds, Sampangirama Nagar, Bengaluru Central City Corporation, Bengaluru, Bangalore North, Bengaluru Urban, Karnataka, 560001, India",Bengaluru,Karnataka,560001,India,12.9870508,77.5785752,shops
43011 - Contessa wines,"Sheshadripuram Main Road, Basappa Garden, Seshadripuram, Bengaluru Central City Corporation, Bengaluru, Bangalore North, Bengaluru Urban, Karnataka, 560003, India",Bengaluru,Karnataka,560003,India,12.9968142,77.5804994,shops
11595 - Liquor Lake - Electronic City,"Toni & Guy, Neeladri Road, Ganga Vertica Apartments, Electronic City, Bangalore South, Bengaluru Urban, Karnataka, 560100, India",Bengaluru,Karnataka,560100,India,12.8404395,77.6518255,shops
41862 - Liquor Library - EPIP Whitefield,"8th Road, Hoodi, Kaveri Nagara, Bengaluru East City Corporation, Bengaluru, Bangalore East, Bengaluru Urban, Karnataka, 560066, India",Bengaluru,Karnataka,560066,India,12.9853782,77.7292914,shops
1830 - Winery - Indiranagar,"442, 9th Main Road, Indiranagar, Bengaluru Central City Corporation, Bengaluru, Bangalore East, Bengaluru Urban, Karnataka, 560038, India",Bengaluru,Karnataka,560038,India,12.9720232,77.6426809,shops
397 - Ruby Wines,"Doddaballapur Road, Kolipura, Doddaballapura taluk, Bengaluru North, Karnataka, 561203, India",Bengaluru,Karnataka,561203,India,13.2791471,77.5514934,shops
13321 - SAM Wines Residency Road,"Field Marshall Cariappa Cycle Path, Ashok Nagar, Ashokanagar, Bengaluru Central City Corporation, Bengaluru, Bangalore North, Bengaluru Urban, Karnataka, 560025, India",Bengaluru,Karnataka,560025,India,12.9712276,77.605415,shops
40925 - Globe Spirits New BEL Road,"1st Cross Road, RMV 2nd Stage 2nd Block, Geddalahalli, Bengaluru North City Corporation, Bengaluru, Bangalore North, Bengaluru Urban, Karnataka, 560094, India",Bengaluru,Karnataka,560094,India,13.028378,77.5719892,shops
3307 - K Manjunath,"Kalkere, Bengaluru East City Corporation, Bengaluru, Bangalore East, Bengaluru Urban, Karnataka, 560016, India",Bengaluru,Karnataka,560016,India,13.0309135,77.6793813,shops
20191 - Surya Liquor Mart - Baglur layout,"137, Kothanur Main Road, LBS Nagar, K Narayanapura, Sampigehalli, Bengaluru North City Corporation, Bengaluru, Bangalore East, Bengaluru Urban, Karnataka, 560077, India",Bengaluru,Karnataka,560077,India,13.0667517,77.6391088,shops
41881 - Madhura spirits,"Panathur Main Road, Kaverappa Layout, Kaadubeesanahalli, Panathur, Bengaluru East City Corporation, Bengaluru, Bangalore East, Bengaluru Urban, Karnataka, 560103, India",Bengaluru,Karnataka,560103,India,12.9380384,77.6990763,shops
20159 - Crave Wings,"CMR Girls Hostel, 247, 2nd H Cross Road, Kalyan Nagar, Kalyanagar, Bengaluru North City Corporation, Bengaluru, Bangalore North, Bengaluru Urban, Karnataka, 560043, India",Bengaluru,Karnataka,560043,India,13.0192991,77.6412119,shops
44424 - NA,"W H Hanumanthappa Road, Gandhinagar, Nehru Nagar, Bengaluru Central City Corporation, Bengaluru, Bangalore North, Bengaluru Urban, Karnataka, 560009, India",Bengaluru,Karnataka,560009,India,12.9752492,77.5770699,shops
10863 - Mr Spirits - Majestic,"Rajadhani Pub, Subedar Chatram Road, Gandhinagar, Nehru Nagar, Bengaluru Central City Corporation, Bengaluru, Bangalore North, Bengaluru Urban, Karnataka, 560009, India",Bengaluru,Karnataka,560009,India,12.9787699,77.5750675,shops
41141 - Sri Manjunatha Spirit Lounge - Amruthahalli,"Amrutahalli Main Road, Arkavathy Layout, Jakkur, Bengaluru North City Corporation, Bengaluru, Yelahanka taluku, Bengaluru Urban, Karnataka, 560092, India",Bengaluru,Karnataka,560092,India,13.0682155,77.6051349,shops
18989 - Blueberry Liquor Mart - Nagavara,"Thanisandra Main Road, Thanisandra, Bengaluru North City Corporation, Bengaluru, Bangalore East, Bengaluru Urban, Karnataka, 560045, India",Bengaluru,Karnataka,560045,India,13.047643,77.6286411,shops
44987 - Poison Spirits,"Philomena Hospital Road, Kempapura, Bengaluru North City Corporation, Bengaluru, Bangalore North, Bengaluru Urban, Karnataka, 560045, India",Bengaluru,Karnataka,560045,India,13.0404419,77.6195874,shops
43543 - Liquor library,"CBI Road, HMT Layout, Ganga Nagar, Ganganagar, Bengaluru North City Corporation, Bengaluru, Bangalore North, Bengaluru Urban, Karnataka, 560032, India",Bengaluru,Karnataka,560032,India,13.0263598,77.5897435,shops
43082 - wholesale wines,"Silver County Road, Kudlu, Bengaluru South City Corporation, Bengaluru, Anekal, Bengaluru Urban, Karnataka, 560068, India",Bengaluru,Karnataka,560068,India,12.894685,77.6607283,shops
44535 - chowdeshwari boarding and lodging.,"Thippasandra Main Road, Puttappa Layout, New Thippasandra, Bengaluru Central City Corporation, Bengaluru, Bangalore East, Bengaluru Urban, Karnataka, 560075, India",Bengaluru,Karnataka,560075,India,12.9714778,77.6580178,shops
Dave and Busters Koramangla,"McDonald's, Srinivagilu Main Road, Rajendranagar, National Games Village, Bengaluru South City Corporation, Bengaluru, Bangalore South, Bengaluru Urban, Karnataka, 560095, India",Bengaluru,Karnataka,560095,India,12.9452139,77.6200736,shops
02669 - AnTeRa Indranagar,"Kotak Mahindra Bank, 4006, 100 Feet Road, Domlur 2nd Stage, Domlur, Indiranagar, Bengaluru Central City Corporation, Bengaluru, Bangalore North, Bengaluru Urban, Karnataka, 560071, India",Bengaluru,Karnataka,560071,India,12.9625054,77.6413718,shops
3471 - NA,"Nayara petrol, Sarjapur Road, Akshaya Greens, Sarjapura, Anekal, Bengaluru Urban, Karnataka, 562125, India",Bengaluru,Karnataka,562125,India,12.8600249,77.7919557,shops
16718 - High Spirits (BYG),"Byrathi Bande, Byrathi, Bengaluru East City Corporation, Bengaluru, Bangalore East, Bengaluru Urban, Karnataka, 560077, India",Bengaluru,Karnataka,560077,India,13.0700372,77.6517619,shops
41868 - Golden Amulya Wines - Kattigenahalli,"Bagalur Road, Dwaraka Nagar, Kogilu, Bengaluru North City Corporation, Bengaluru, Yelahanka taluku, Bengaluru Urban, Karnataka, 560063, India",Bengaluru,Karnataka,560063,India,13.1214255,77.618341,shops
Porcuoine - Indiranagar,"838A, 100 Feet Road, Old Binnamangala, Indiranagar, Bengaluru Central City Corporation, Bengaluru, Bangalore North, Bengaluru Urban, Karnataka, 560038, India",Bengaluru,Karnataka,560038,India,12.9802336,77.640806,shops
45616 - NA,"Kempegowda Road, Dasarahalli, Kempapura, Bengaluru North City Corporation, Bengaluru, Bangalore East, Bengaluru Urban, Karnataka, 560024, India",Bengaluru,Karnataka,560024,India,13.0513351,77.6119418,shops
45581 - liquor house,"Kenchenahalli Main Road, Halagevaderahalli, Rajarajeshwari Nagar, Rajarajeshwari Nagara, Bengaluru West City Corporation, Bengaluru, Bangalore South, Bengaluru Urban, Karnataka, 560098, India",Bengaluru,Karnataka,560098,India,12.9190678,77.5136389,shops
44510 Silver Woods sprits,"CV Raman Rasthe, Banashankari 6th Stage - 3rd Block, Banashankari 6th Stage, Talagattapura, Bengaluru South City Corporation, Bengaluru, Bangalore South, Bengaluru Urban, Karnataka, 560062, India",Bengaluru,Karnataka,560062,India,12.886887,77.5157985,shops
18700 - Cyrup Liquor House- Kanakapura Rd,"BRS Grandeur, Kanakapura Road, Vajrahalli, Talagattapura, Bengaluru South City Corporation, Bengaluru, Bangalore South, Bengaluru Urban, Karnataka, 560062, India",Bengaluru,Karnataka,560062,India,12.8729878,77.5400098,shops
14440 - Nakshatra Wine Palace - JP Nagar,"Kothnur, Kothanur, Bengaluru South City Corporation, Bengaluru, Bangalore South, Bengaluru Urban, Karnataka, 560076, India",Bengaluru,Karnataka,560076,India,12.8658591,77.579577,shops
44308 - MONTEZG,"Kothnur, Kothanur, Bengaluru South City Corporation, Bengaluru, Bangalore South, Bengaluru Urban, Karnataka, 560083, India",Bengaluru,Karnataka,560083,India,12.8689465,77.5756286,shops
18739 - Wine World- JP Nagar 1st Phase,"8th Cross Road, JP Nagar 1st Phase, JP Nagar, Bengaluru South City Corporation, Bengaluru, Bangalore South, Bengaluru Urban, Karnataka, 560078, India",Bengaluru,Karnataka,560078,India,12.9111712,77.5756153,shops
41429 - SLNS- Wine Paradise,"Hotel Sree Nandanam Residency, 1st phase, #11, B. Narayana Swamappa Road, Mathikere, Brundavana Nagara, Bengaluru North City Corporation, Bengaluru, Bangalore North, Bengaluru Urban, Karnataka, 560054, India",Bengaluru,Karnataka,560054,India,13.0292843,77.5592466,shops
696 - SLR B 1 BTM,"29th Main Road, Bilekahalli, Bengaluru South City Corporation, Bengaluru, Bangalore South, Bengaluru Urban, Karnataka, 560076, India",Bengaluru,Karnataka,560076,India,12.9055477,77.6059021,shops
14224 - Fortune Spirits,"Traits Men's Salon, 7th Main Road, BTM Layout 2nd Stage, Viswamanava Kuvempu Ward, Bengaluru South City Corporation, Bengaluru, Bangalore South, Bengaluru Urban, Karnataka, 560076, India",Bengaluru,Karnataka,560076,India,12.9133533,77.6061918,shops
1095 - Honey Drops BTM,"773, 16th Main Road, BTM Layout, Viswamanava Kuvempu Ward, Bengaluru South City Corporation, Bengaluru, Bangalore South, Bengaluru Urban, Karnataka, 560076, India",Bengaluru,Karnataka,560076,India,12.9138877,77.609991,shops
18650 - Cheers -BTM Layout,"940, 16th Main Road, BTM Layout, Viswamanava Kuvempu Ward, Bengaluru South City Corporation, Bengaluru, Bangalore South, Bengaluru Urban, Karnataka, 560076, India",Bengaluru,Karnataka,560076,India,12.9149613,77.6101196,shops
15748 - Spirit Junction - Tavarakere,"IndiQube Lexington Tower, Tavarekere Main Road, Sadgunte Palya, Chikka Adugodi, Bengaluru South City Corporation, Bengaluru, Bangalore South, Bengaluru Urban, Karnataka, 560029, India",Bengaluru,Karnataka,560029,India,12.930795,77.61002,shops
16796 - Shoba Bar,"Kadiganahalli, Vidyanagar, Yelahanka taluku, Bengaluru Urban, Karnataka, 562157, India",Bengaluru,Karnataka,562157,India,13.1600843,77.6289628,shops
14505 - NA,"1st Cross Road, Seshadripuram, Bengaluru Central City Corporation, Bengaluru, Bangalore North, Bengaluru Urban, Karnataka, 560003, India",Bengaluru,Karnataka,560003,India,12.9942189,77.57122,shops
42667 - Brinduvan Wines - Channasandra,"Thran, 507, CMR Road, Kalyan Nagar, Kalyanagar, Bengaluru North City Corporation, Bengaluru, Bangalore North, Bengaluru Urban, Karnataka, 560043, India",Bengaluru,Karnataka,560043,India,13.0214385,77.6414484,shops
12670 - Kal Wines,"MCR Wine Palace, SH35, Attibele, Anekal, Bengaluru Urban, Karnataka, 562107, India",Bengaluru,Karnataka,562107,India,12.777298,77.7696741,shops
13402 - Manju krupa wines,"Anekal, Bengaluru Urban, Karnataka, 562106, India",Bengaluru,Karnataka,562106,India,12.7039317,77.7019067,shops
17510 - Manju krupa wines,"Chowdareddy Circle, , Anekal, Bengaluru Urban, Karnataka, 562106, India",Bengaluru,Karnataka,562106,India,12.712215,77.6994817,shops
14254 - SLV Bar,"Jigani Industrial Estate, Jigani, Anekal, Bengaluru Urban, Karnataka, 560105, India",Bengaluru,Karnataka,560105,India,12.7712518,77.6273298,shops
12792 - ICM WInes,"Jigani Industrial Estate, Jigani, Anekal, Bengaluru Urban, Karnataka, 560105, India",Bengaluru,Karnataka,560105,India,12.7713908,77.6273431,shops
17895 - SRR Bar,"Jigani Industrial Estate Road, Bommasandra Industrial Estate, Jigani, Anekal, Bengaluru Urban, Karnataka, 560105, India",Bengaluru,Karnataka,560105,India,12.7801967,77.6452333,shops
14946 - Star Amulya Wines Thindlu,"Indian Bank, Kodigehalli Road, Canara Bank Layout, Thindlu, Bengaluru North City Corporation, Bengaluru, Yelahanka taluku, Bengaluru Urban, Karnataka, 560097, India",Bengaluru,Karnataka,560097,India,13.0629496,77.5729307,shops
16694 - syrup liquor,"Venkatadri Xtreme Sports, Oil Mill Road, 4th Phase, Yelahanka Satellite Town, Bengaluru North City Corporation, Bengaluru, Yelahanka taluku, Bengaluru Urban, Karnataka, 560064, India",Bengaluru,Karnataka,560064,India,13.1033136,77.5768239,shops
17837 - SVR Spirits- Haralur Road,"Central Jail Road, Sir M. Visvesvaraya Layout, Naganathapura, Bengaluru South City Corporation, Bengaluru, Bangalore South, Bengaluru Urban, Karnataka, 560035, India",Bengaluru,Karnataka,560035,India,12.8818409,77.6722684,shops
41338 - House of spirits,"Pursuit Of Tree, Whitefield Road, Tigalarapalya, Kaveri Nagara, Bengaluru East City Corporation, Bengaluru, Bangalore East, Bengaluru Urban, Karnataka, 560048, India",Bengaluru,Karnataka,560048,India,12.9914568,77.720813,shops
43277 - Mr Spirits - Jakkur,"Hennur Bagalur Main Road, Bagaluru, Yelahanka taluku, Bengaluru Urban, Karnataka, 562149, India",Bengaluru,Karnataka,562149,India,13.1331374,77.6670985,shops
16971 - S N WINES,"Rayasandra Main Road, Rayasandra, Anekal, Bengaluru Urban, Karnataka, 560100, India",Bengaluru,Karnataka,560100,India,12.8752467,77.6780867,shops
19625 - Liquor Mart (Hosa),"Sir M. Visvesvaraya Layout, Naganathapura, Bengaluru South City Corporation, Bengaluru, Bangalore South, Bengaluru Urban, Karnataka, 560068, India",Bengaluru,Karnataka,560068,India,12.8755173,77.6703527,shops
19749 - Liquor Basket,"Chandana Bakery, Channasandra Main Road, AKG Colony, Channasandra, Bengaluru East City Corporation, Bengaluru, Bangalore East, Bengaluru Urban, Karnataka, 560067, India",Bengaluru,Karnataka,560067,India,12.9832611,77.7682595,shops
44677 - Talk Bar,"1576A, 4th Main Road, AECS Layout E Block, Priyadarshini Ward, Bengaluru East City Corporation, Bengaluru, Bangalore East, Bengaluru Urban, Karnataka, 560037, India",Bengaluru,Karnataka,560037,India,12.9618572,77.7164718,shops
18665 - Five Star wines,"Philomena Hospital Road, Kempapura, Bengaluru North City Corporation, Bengaluru, Bangalore North, Bengaluru Urban, Karnataka, 560045, India",Bengaluru,Karnataka,560045,India,13.0403046,77.6199959,shops
1492 - Rajalakshmi wines,"SS Ashram Road, Amarjyothi Nagara, Hebbal, Bengaluru North City Corporation, Bengaluru, Bangalore North, Bengaluru Urban, Karnataka, 560032, India",Bengaluru,Karnataka,560032,India,13.0367037,77.593485,shops
19969 - MATHRUSHRI WINES,"Kowdenahalli, Kalkere, Bengaluru East City Corporation, Bengaluru, Bangalore East, Bengaluru Urban, Karnataka, 560016, India",Bengaluru,Karnataka,560016,India,13.0226717,77.6790997,shops
12420 - Anil Deluxe Bar,"Kalkere Main Road, Kalkere, K Chennasandra, Bengaluru East City Corporation, Bengaluru, Bangalore East, Bengaluru Urban, Karnataka, 560016, India",Bengaluru,Karnataka,560016,India,13.0221301,77.6788969,shops
41766 - Liquor Lords - Raghavendra Nagar,"Kalkere, Bengaluru East City Corporation, Bengaluru, Bangalore East, Bengaluru Urban, Karnataka, 560016, India",Bengaluru,Karnataka,560016,India,13.0207001,77.6734449,shops
1335 - Ujwal Bar,"2nd Main Road, AECS Layout, Geddalahalli, Bengaluru North City Corporation, Bengaluru, Bangalore North, Bengaluru Urban, Karnataka, 560094, India",Bengaluru,Karnataka,560094,India,13.0316892,77.5768672,shops
40926 - Sun Rise Sprits,"Bagalagunte, Bengaluru North City Corporation, Bengaluru, Bangalore North, Bengaluru Urban, Karnataka, 560057, India",Bengaluru,Karnataka,560057,India,13.0559962,77.5075821,shops
2677 - Mohan Bar- SR Nagar,"New Mohan Restaurant & Bar, Rajaram Mohan Roy Road, Sampangirama Nagar, Bengaluru Central City Corporation, Bengaluru, Bangalore North, Bengaluru Urban, Karnataka, 560001, India",Bengaluru,Karnataka,560001,India,12.9657916,77.5953767,shops
41143 - Wholesale Wines - Nagarbhavi,"Panacea Hospital, Nagarabhavi, Mallathahalli Road, NGEF Layout, Vinayaka Layout, Bengaluru West City Corporation, Bengaluru, Bangalore North, Bengaluru Urban, Karnataka, 560072, India",Bengaluru,Karnataka,560072,India,12.9612494,77.510953,shops
41581 - BHUMI SPIRITS,"Kanakapura Road, Vajrahalli, Talagattapura, Bengaluru South City Corporation, Bengaluru, Bangalore South, Bengaluru Urban, Karnataka, 560062, India",Bengaluru,Karnataka,560062,India,12.8828679,77.5477908,shops
41832 - Bottles of Joy- J. P. Nagar,"Liberty Exclusive Showroom, 24th Main Road, Sarakki, Shakambarinagara, Bengaluru South City Corporation, Bengaluru, Bangalore South, Bengaluru Urban, Karnataka, 560078, India",Bengaluru,Karnataka,560078,India,12.9137098,77.5857157,shops
41680 - Sling- JP Nagar,"154 Breakfast Club, Outer Ring Road, Dollars Colony, Shakambarinagara, Bengaluru South City Corporation, Bengaluru, Bangalore South, Bengaluru Urban, Karnataka, 560078, India",Bengaluru,Karnataka,560078,India,12.9065341,77.5924821,shops
43679 - Pegs Jp Nagar New Code,"The Studs Sports Bar + Grill, Outer Ring Road, Dollars Colony, JP Nagar, Bengaluru South City Corporation, Bengaluru, Bangalore South, Bengaluru Urban, Karnataka, 560078, India",Bengaluru,Karnataka,560078,India,12.9068439,77.5984134,shops
19995 - Antiques- Nyanappana Halli,"Shringeri Road, Royal Residency Layout, Vijaya Bank Layout, Bengaluru South City Corporation, Bengaluru, Bangalore South, Bengaluru Urban, Karnataka, 560076, India",Bengaluru,Karnataka,560076,India,12.8785918,77.6098211,shops
15828 - SM Spirit Zone - Manipal County,"Pandit Ji, Manipal County Road, Singasandra, Bengaluru South City Corporation, Bengaluru, Bangalore South, Bengaluru Urban, Karnataka, 560114, India",Bengaluru,Karnataka,560114,India,12.8787637,77.6379088,shops
19575 - Highness the Liquor Boutique,"Jute Cottage, 21st Cross Road, Dharmagiri Ward, Bengaluru West City Corporation, Bengaluru, Bangalore South, Bengaluru Urban, Karnataka, 560070, India",Bengaluru,Karnataka,560070,India,12.9245981,77.5734599,shops
18396 - Liquor Mart (Koramangala),"Liquor Mart, Srinivagilu Main Road, Koramangala 6th Block, Sri Lakshmi Devi Ward, Bengaluru South City Corporation, Bengaluru, Bangalore South, Bengaluru Urban, Karnataka, 560095, India",Bengaluru,Karnataka,560095,India,12.9433395,77.621516,shops
44317 - MONTEZG,"3rd Cross Road, Nataraja Layout, RBI Layout, Bengaluru South City Corporation, Bengaluru, Bangalore South, Bengaluru Urban, Karnataka, 560076, India",Bengaluru,Karnataka,560076,India,12.8891143,77.5877747,shops
41317 - Honey Drops- J P Nagar,"Babu Vada Pav, 24th Main Road, K R Layout, Kengal Hanumanthaiah South, Bengaluru South City Corporation, Bengaluru, Bangalore South, Bengaluru Urban, Karnataka, 560078, India",Bengaluru,Karnataka,560078,India,12.8980167,77.5858483,shops
44867 - Drops J P Nagar,"Kidzon, 24th Main Road, K R Layout, Kengal Hanumanthaiah South, Bengaluru South City Corporation, Bengaluru, Bangalore South, Bengaluru Urban, Karnataka, 560078, India",Bengaluru,Karnataka,560078,India,12.9033755,77.5857096,shops
1165 - Madhusree,"9th Main Road, Jayanagar 5th Block, Pattabhirama Nagara, Bengaluru South City Corporation, Bengaluru, Bangalore South, Bengaluru Urban, Karnataka, 560041, India",Bengaluru,Karnataka,560041,India,12.9185469,77.58364,shops
822 - Seapirate Wines - Jayanagar,"W, 27th Cross Road, Geetha Colony, Jayanagar 4th Block, Tilak Nagara, Bengaluru South City Corporation, Bengaluru, Bangalore South, Bengaluru Urban, Karnataka, 560011, India",Bengaluru,Karnataka,560011,India,12.930789,77.5855284,shops
1897 - South End Bar & Restaurant- Basavanagudi,"Kanakapura Road, Yediyuru, Bengaluru West City Corporation, Bengaluru, Bangalore South, Bengaluru Urban, Karnataka, 560070, India",Bengaluru,Karnataka,560070,India,12.9363486,77.5754137,shops
41448 - Mohan Spirits Basavanagudi,"2nd Cross Road, NR Colony, N.R Colony, Bengaluru West City Corporation, Bengaluru, Bangalore North, Bengaluru Urban, Karnataka, 560004, India",Bengaluru,Karnataka,560004,India,12.9367758,77.572913,shops
18185 - Bottle House- BSK,"Nandini Milk Parlour, South End Road, NR Colony, N.R Colony, Bengaluru West City Corporation, Bengaluru, Bangalore North, Bengaluru Urban, Karnataka, 560004, India",Bengaluru,Karnataka,560004,India,12.9369561,77.5729018,shops
41727 - The Wine Mart - BSK,"Wine Baron, 30th Main road, Banashankari 2nd Stage, Banashankari 2nd Stage, Ganesh Mandira Ward, Bengaluru West City Corporation, Bengaluru, Bangalore South, Bengaluru Urban, Karnataka, 560070, India",Bengaluru,Karnataka,560070,India,12.9295065,77.5627489,shops
1228 - Dilute Pub - BSK,"Ayda Restaurant, Opposite BDA Complex, 19th Main Road, Banashankari 2nd Stage, Ganesh Mandira Ward, Bengaluru West City Corporation, Bengaluru, Bangalore South, Bengaluru Urban, Karnataka, 560070, India",Bengaluru,Karnataka,560070,India,12.9246179,77.5651301,shops
17075 - Golden Fin Liquor,"Krishnarajendra Road, Dharmagiri Ward, Bengaluru West City Corporation, Bengaluru, Bangalore South, Bengaluru Urban, Karnataka, 560070, India",Bengaluru,Karnataka,560070,India,12.921704,77.5735425,shops
43165 - Adhya spirit,"Guru Greens Family Restaurant, Bannerghatta Road, Doddakammanahalli, Bengaluru South City Corporation, Bengaluru, Bangalore South, Bengaluru Urban, Karnataka, 560083, India",Bengaluru,Karnataka,560083,India,12.8545423,77.5887755,shops
19463 - Blue Water Bar and restaurant,"CromÄ, Bannerghatta Road, Kalena Agrahara, Yelenahalli, Bengaluru South City Corporation, Bengaluru, Bangalore South, Bengaluru Urban, Karnataka, 560076, India",Bengaluru,Karnataka,560076,India,12.8611188,77.5898279,shops
41312 - RR Spirits- Hulimavu,"Domino's, Cave Temple Road, Hulimavu, Bengaluru South City Corporation, Bengaluru, Bangalore South, Bengaluru Urban, Karnataka, 560076, India",Bengaluru,Karnataka,560076,India,12.8764716,77.59641,shops
10734 - Scotch Yard Wines - Bannergatta Road,"Goli Vada Pav, 4th Cross Road, Panduranga Nagar, Doresanipalya, Bengaluru South City Corporation, Bengaluru, Bangalore South, Bengaluru Urban, Karnataka, 560076, India",Bengaluru,Karnataka,560076,India,12.8921906,77.5982359,shops
18203 - Spirit Junction - DLF,"Begur Main Road, Beguru, Yelenahalli, Bengaluru South City Corporation, Bengaluru, Bangalore South, Bengaluru Urban, Karnataka, 560076, India",Bengaluru,Karnataka,560076,India,12.8760463,77.6168803,shops
44695 - Dewana Spirit Galaxy,"State Bank of India, Begur Main Road, Akshaynagar Layout, Vijaya Bank Layout, Bengaluru South City Corporation, Bengaluru, Bangalore South, Bengaluru Urban, Karnataka, 560076, India",Bengaluru,Karnataka,560076,India,12.8763432,77.616169,shops
42797 - SLR Paramjyothi,"Block 1, Begur - Hulimavu Road, Akshaynagar Layout, Vijaya Bank Layout, Bengaluru South City Corporation, Bengaluru, Bangalore South, Bengaluru Urban, Karnataka, 560076, India",Bengaluru,Karnataka,560076,India,12.8760637,77.6135351,shops
19157 - Mohan Spirits Nyanappanahalli,"Devarachikkanahalli Road, Royal Residency Layout, Vijaya Bank Layout, Bengaluru South City Corporation, Bengaluru, Bangalore South, Bengaluru Urban, Karnataka, 560076, India",Bengaluru,Karnataka,560076,India,12.8791512,77.6099026,shops
41785 - Prestige Spirits- BTM,"Kodichikkanahalli Main Road, Vijaya Bank Layout, Bengaluru South City Corporation, Bengaluru, Bangalore South, Bengaluru Urban, Karnataka, 560076, India",Bengaluru,Karnataka,560076,India,12.8930222,77.61054,shops
19699 - Laxmi Scotch Yard - Kothnur Dinne,"Vijaya Bank Layout, Bengaluru South City Corporation, Bengaluru, Bangalore South, Bengaluru Urban, Karnataka, 560076, India",Bengaluru,Karnataka,560076,India,12.8925241,77.6111121,shops
42411 - Shree PVR Hotel & Lodge,"BreadCrumbs Bakery, 989, 11th Main Road, Vijaya Bank Layout, Bengaluru South City Corporation, Bengaluru, Bangalore South, Bengaluru Urban, Karnataka, 560076, India",Bengaluru,Karnataka,560076,India,12.8924659,77.6110583,shops
41010 - Bhumi Spirits,"Devarachikkanahalli Road, Arakere, Bengaluru South City Corporation, Bengaluru, Bangalore South, Bengaluru Urban, Karnataka, 560076, India",Bengaluru,Karnataka,560076,India,12.8878891,77.6105623,shops
11782 - Wine World - KEB Colony Banashankari,"5th Main Road, Banashankari, Kathriguppe, Bengaluru West City Corporation, Bengaluru, Bangalore South, Bengaluru Urban, Karnataka, 560085, India",Bengaluru,Karnataka,560085,India,12.9308873,77.5541626,shops
14111 - Honey Dew Drop Spirits - Banashamkari,"Janatha Bazaar, Outer Ring Road, Katriguppe, Kathriguppe, Bengaluru West City Corporation, Bengaluru, Bangalore South, Bengaluru Urban, Karnataka, 560085, India",Bengaluru,Karnataka,560085,India,12.9284627,77.5459259,shops
3486 - Wine world - Chikkalsandra,"C.S. Hospital, Subramaniapura Main Road, Minaz Nagara, Padmanabhanagara, Bengaluru South City Corporation, Bengaluru, Bangalore South, Bengaluru Urban, Karnataka, 560063, India",Bengaluru,Karnataka,560063,India,12.9117795,77.5526373,shops
18502 - Pegs Uttarahalli,"Reliance Fresh, Dr. Vishnuvardhan Road, Subramanyapura, Bengaluru South City Corporation, Bengaluru, Bangalore South, Bengaluru Urban, Karnataka, 560061, India",Bengaluru,Karnataka,560061,India,12.9067461,77.5457033,shops
10349 - Wine Paradise,"Venkateshwara Clinic, Dr. Vishnuvardhan Road, Subramanyapura, Bengaluru South City Corporation, Bengaluru, Bangalore South, Bengaluru Urban, Karnataka, 560061, India",Bengaluru,Karnataka,560061,India,12.9066841,77.5448863,shops
14323 - Scotch Yard - Gublala,"Scoth Yard, Subramanyapura Main Road, Subramanyapura, Anjanapura, Bengaluru South City Corporation, Bengaluru, Bangalore South, Bengaluru Urban, Karnataka, 560062, India",Bengaluru,Karnataka,560062,India,12.8909554,77.54212,shops
13372 - SBL Liquors - Kanakpura Road,"Vajarahalli Main Road, Ganigarapalya, Talagattapura, Bengaluru South City Corporation, Bengaluru, Bangalore South, Bengaluru Urban, Karnataka, 560062, India",Bengaluru,Karnataka,560062,India,12.8740462,77.5404283,shops
19984 - N&B Liquors - Kanakapura Road,"Narayana Nagara, Vasanthapura, Bengaluru South City Corporation, Bengaluru, Bangalore South, Bengaluru Urban, Karnataka, 560062, India",Bengaluru,Karnataka,560062,India,12.886212,77.5584652,shops
709 - Metro Cash and Carry Kanakpura,"Metro, Kanakapura Road, Yelachenahalli, Vasanthapura, Bengaluru South City Corporation, Bengaluru, Bangalore South, Bengaluru Urban, Karnataka, 560111, India",Bengaluru,Karnataka,560111,India,12.8931554,77.5665717,shops
41847 - Pegs Kanakapura Road,"HDFC Bank, Kanakapura Road, Yelachenahalli, Bengaluru South City Corporation, Bengaluru, Bangalore South, Bengaluru Urban, Karnataka, 560111, India",Bengaluru,Karnataka,560111,India,12.8944553,77.5684613,shops
44614 - kick tonic,"Kakkal Kai Ruchi, Amruth Nagar Main Road, Konanakunte, Bengaluru South City Corporation, Bengaluru, Bangalore South, Bengaluru Urban, Karnataka, 560062, India",Bengaluru,Karnataka,560062,India,12.8865428,77.5658501,shops
18672 - Rekha Scotch Yard- JP Nagar,"Dhara Spa JP Nagar, Chunchagatta Main Road, Eshwara Layout, Bheereshwara Nagar, Bengaluru South City Corporation, Bengaluru, Bangalore South, Bengaluru Urban, Karnataka, 560078, India",Bengaluru,Karnataka,560078,India,12.8914748,77.5772708,shops
40812 - Laxmi Scotch Yard - JP Nagar 8th Phase,"Sri Basaveshwara Cycle Mart, Kothnur Main Road, Kothnur, Kothanur, Bengaluru South City Corporation, Bengaluru, Bangalore South, Bengaluru Urban, Karnataka, 560076, India",Bengaluru,Karnataka,560076,India,12.8763634,77.5840766,shops
11538 - Laxmi Scotch Yard - JP Nagar 7th Phase,"Coffee Stories, Kothnur Main Road, Kothnur, RBI Layout, Bengaluru South City Corporation, Bengaluru, Bangalore South, Bengaluru Urban, Karnataka, India",,Karnataka,,India,12.887062,77.5820329,shops
41858 - Liquor House - JP Nagar,"The Kadubu Canteen, 473, Kothnur Main Road, RBI Layout, Bengaluru South City Corporation, Bengaluru, Bangalore South, Bengaluru Urban, Karnataka, 560078, India",Bengaluru,Karnataka,560078,India,12.8895973,77.5817659,shops
10849 - All About Liquor - Jayanagar,"East End Main Road, Canara Bank Colony, Tilak Nagar, Tilak Nagara, Bengaluru South City Corporation, Bengaluru, Bangalore South, Bengaluru Urban, Karnataka, 560041, India",Bengaluru,Karnataka,560041,India,12.9226035,77.5969921,shops
2076 - Sri Rama wines,"Dharmagiri Ward, Bengaluru West City Corporation, Bengaluru, Bangalore South, Bengaluru Urban, Karnataka, 560070, India",Bengaluru,Karnataka,560070,India,12.9194883,77.5739184,shops
42450 - Watering Hole - BTM Layout,"29th Main Road, Bilekahalli, Bengaluru South City Corporation, Bengaluru, Bangalore South, Bengaluru Urban, Karnataka, 560076, India",Bengaluru,Karnataka,560076,India,12.9053704,77.6092899,shops
19179 - Sharaabhi,"BLR Chakna Bar, Panathur Main Road, Kaverappa Layout, Panathur, Bengaluru East City Corporation, Bengaluru, Bangalore East, Bengaluru Urban, Karnataka, 560103, India",Bengaluru,Karnataka,560103,India,12.9365445,77.7036773,shops
1142 - PRIYA BAR AND RESTAURANT,"Iron Hill Bengaluru, Tulsi Theatre Road, Panathur, Bengaluru East City Corporation, Bengaluru, Bangalore East, Bengaluru Urban, Karnataka, 560037, India",Bengaluru,Karnataka,560037,India,12.9510247,77.6978266,shops
18068 - Guru greens Garden bar and restaurant,"Guru Greens Family Restaurant, Bannerghatta Road, Doddakammanahalli, Bengaluru South City Corporation, Bengaluru, Bangalore South, Bengaluru Urban, Karnataka, 560083, India",Bengaluru,Karnataka,560083,India,12.8540812,77.5887984,shops
42098 - Corner Spirit - Murgeshpalya,"Srinidhi Residency, 1st Cross Road, Kaveri Nagara, Konena Agrahara, Bengaluru Central City Corporation, Bengaluru, Bangalore East, Bengaluru Urban, Karnataka, 560017, India",Bengaluru,Karnataka,560017,India,12.9568076,77.6537265,shops
41199 - SVR - Devarachikkanahalli,"12th A Main Road, Hongasandra, Bommanahalli, Bengaluru South City Corporation, Bengaluru, Bangalore South, Bengaluru Urban, Karnataka, 560068, India",Bengaluru,Karnataka,560068,India,12.9004966,77.6224903,shops
18479 - Total spirits,"Vasan Eye Care Hospital, Rajarajeswari Nagar, Kenchenahalli Main Road, Ideal Homes Layout, Rajarajeshwari Nagara, Bengaluru West City Corporation, Bengaluru, Bangalore South, Bengaluru Urban, Karnataka, 560098, India",Bengaluru,Karnataka,560098,India,12.9317431,77.5155925,shops
45881 - liquor house,"Halage Vaderahalli, Kenchenahalli Main Road, Srinivasapura, Rajarajeshwari Nagara, Bengaluru West City Corporation, Bengaluru, Bangalore South, Bengaluru Urban, Karnataka, 560098, India",Bengaluru,Karnataka,560098,India,12.9190363,77.5136936,shops
14195 - Prasanna Wines,"80 Feet Road, BEML Layout 3rd Stage, Rajarajeshwari Nagara, Bengaluru West City Corporation, Bengaluru, Bangalore South, Bengaluru Urban, Karnataka, 560098, India",Bengaluru,Karnataka,560098,India,12.9153769,77.5148207,shops
43043 - Liquor Station Boarding & Lodging,"ECE Department, Dr. Vishnuvardhan Road, Bangarappa Nagara, Bengaluru West City Corporation, Bengaluru, Bangalore South, Bengaluru Urban, Karnataka, 560098, India",Bengaluru,Karnataka,560098,India,12.9029995,77.5177681,shops
12116 - Athithi grand hotel,"Athithi Grand, Kanakapura Road, Vasanthapura, Bengaluru South City Corporation, Bengaluru, Bangalore South, Bengaluru Urban, Karnataka, 560111, India",Bengaluru,Karnataka,560111,India,12.8914491,77.5648286,shops
16980 - Bottluxy BG Road,"Domino's, Cave Temple Road, Hulimavu, Bengaluru South City Corporation, Bengaluru, Bangalore South, Bengaluru Urban, Karnataka, 560076, India",Bengaluru,Karnataka,560076,India,12.8765167,77.5963646,shops
11221 - SLR K 2,"Doddathoguru, Electronic City, Bangalore South, Bengaluru Urban, Karnataka, 560100, India",Bengaluru,Karnataka,560100,India,12.8503363,77.6559979,shops
40590 - Scotch Yard Wines- JP Nagar,"8th Main Road, KSRTC Layout, JP Nagar, Bengaluru South City Corporation, Bengaluru, Bangalore South, Bengaluru Urban, Karnataka, 560078, India",Bengaluru,Karnataka,560078,India,12.9146433,77.5951183,shops
10246 - My Spirits - Kumaraswamy Layout,"Thalassery Restaurant, 14th Main Road, Kumaraswamy Layout 1st Stage, Kane Muneshwara Ward, Bengaluru South City Corporation, Bengaluru, Bangalore South, Bengaluru Urban, Karnataka, 560111, India",Bengaluru,Karnataka,560111,India,12.9074391,77.5638893,shops
41818 - Liquor House - Bellary Road,"Byatarayanapura, Bengaluru North City Corporation, Bengaluru, Yelahanka taluku, Bengaluru Urban, Karnataka, 560092, India",Bengaluru,Karnataka,560092,India,13.068124,77.5926248,shops
45489 - NA,"1552,1553, 19th Main Road, Agara, Sector 1, HSR Layout, Bengaluru South City Corporation, Bengaluru, Bangalore South, Bengaluru Urban, Karnataka, 560102, India",Bengaluru,Karnataka,560102,India,12.9210018,77.6451151,shops
43043 - LIQUOR SATION BOARDING & LODGING,"ECE Department, Dr. Vishnuvardhan Road, Bangarappa Nagara, Bengaluru West City Corporation, Bengaluru, Bangalore South, Bengaluru Urban, Karnataka, 560098, India",Bengaluru,Karnataka,560098,India,12.9029237,77.5178323,shops
40665 - Toit Indiranagar,"Indian Biryani, Sri Krishna Temple Road, Old Binnamangala, Indiranagar, Bengaluru Central City Corporation, Bengaluru, Bangalore North, Bengaluru Urban, Karnataka, 560038, India",Bengaluru,Karnataka,560038,India,12.979279,77.641525,shops
16101 - Drops Indiranagar,"Salarpuria Landmark, 100 Feet Road, Babasaheb Colony, Kodihalli, Bengaluru Central City Corporation, Bengaluru, Bangalore North, Bengaluru Urban, Karnataka, 560008, India",Bengaluru,Karnataka,560008,India,12.9637589,77.6417119,shops
982 - Dennis bar,"Denny's, 6th Main Road, JP Nagar 3rd Phase, J.P Nagar, Bengaluru South City Corporation, Bengaluru, Bangalore South, Bengaluru Urban, Karnataka, 560078, India",Bengaluru,Karnataka,560078,India,12.9164468,77.5968446,shops
19179 - NA,"BLR Chakna Bar, Panathur Main Road, Kaverappa Layout, Panathur, Bengaluru East City Corporation, Bengaluru, Bangalore East, Bengaluru Urban, Karnataka, 560103, India",Bengaluru,Karnataka,560103,India,12.936507,77.7036673,shops
18609 - NA,"369, 14th Cross Road, Upper Palace Orchard, Sadashiva Nagara, Bengaluru West City Corporation, Bengaluru, Bangalore North, Bengaluru Urban, Karnataka, 560080, India",Bengaluru,Karnataka,560080,India,13.0089492,77.5809417,shops
Bramble 2 Panathur,"BLR Chakna Bar, Panathur Main Road, Kaverappa Layout, Panathur, Bengaluru East City Corporation, Bengaluru, Bangalore East, Bengaluru Urban, Karnataka, 560103, India",Bengaluru,Karnataka,560103,India,12.9365918,77.7036386,shops
"Gulp Cocktails and Kitchen, Banashankari","HDFC Bank, 30th Main Road, Sarakki, JP Nagar 1st Phase, Shakambarinagara, Bengaluru South City Corporation, Bengaluru, Bangalore South, Bengaluru Urban, Karnataka, 560078, India",Bengaluru,Karnataka,560078,India,12.9092337,77.5816955,shops
45328 - Arun SpritsÂ Zone,"Chokkanahalli Road, Chokkanahalli, Sampigehalli, Bengaluru North City Corporation, Bengaluru, Yelahanka taluku, Bengaluru Urban, Karnataka, 560064, India",Bengaluru,Karnataka,560064,India,13.0808782,77.6258057,shops
"WATERING HOLE, BTM Layout","29th Main Road, Bilekahalli, Bengaluru South City Corporation, Bengaluru, Bangalore South, Bengaluru Urban, Karnataka, 560076, India",Bengaluru,Karnataka,560076,India,12.9053655,77.6092964,shops
16980 - Bottle Store - BG Road,"Sangeetha, Bannerghatta Road, Arekere, Doresanipalya, Bengaluru South City Corporation, Bengaluru, Bangalore South, Bengaluru Urban, Karnataka, 560076, India",Bengaluru,Karnataka,560076,India,12.8902206,77.5978012,shops
2898 - Metro Cash and Carry,"Building 1, Tumkur Road, Goraguntepalya, Bengaluru West City Corporation, Bengaluru, Bangalore North, Bengaluru Urban, Karnataka, India",,Karnataka,,India,13.0145888,77.5553063,shops
12116 - NA,"Athithi Grand, Kanakapura Road, Vasanthapura, Bengaluru South City Corporation, Bengaluru, Bangalore South, Bengaluru Urban, Karnataka, 560111, India",Bengaluru,Karnataka,560111,India,12.8913134,77.5651407,shops
13982 - U B SPIRITS,"Baggana UB Spirits, 5th Main Road, MCHS Colony, Sector 6, HSR Layout, Bengaluru South City Corporation, Bengaluru, Bangalore South, Bengaluru Urban, Karnataka, 560102, India",Bengaluru,Karnataka,560102,India,12.9133132,77.6324703,shops
11311 - KMC Liquors - Hegde Nagar,"Silver County Road, Choodasandra, Bengaluru, Anekal, Bengaluru Urban, Karnataka, 560103, India",Bengaluru,Karnataka,560103,India,12.8944396,77.6631401,shops
15059 - Shravanya Spirit Junction - JP Nagar,"100 Pipers, 9th Cross Road, Sarakki, JP Nagar 2nd Phase, JP Nagar, Bengaluru South City Corporation, Bengaluru, Bangalore South, Bengaluru Urban, Karnataka, 560078, India",Bengaluru,Karnataka,560078,India,12.9103185,77.5915081,shops
40773 - Madhuloka - Bellandur,"Reliance Centro, Bellandur Main Road, Green Glen Layout, Bellanduru, Bengaluru East City Corporation, Bengaluru, Bangalore East, Bengaluru Urban, Karnataka, 560103, India",Bengaluru,Karnataka,560103,India,12.9261086,77.6753316,shops
15690 - Mileinium bar,"Zudio, 24th Main Road, Sarakki, JP Nagar, Bengaluru South City Corporation, Bengaluru, Bangalore South, Bengaluru Urban, Karnataka, 560078, India",Bengaluru,Karnataka,560078,India,12.9073473,77.5858694,shops
16692 - NA,"CV Raman Rasthe, Banashankari 6th Stage - 3rd Block, Banashankari 6th Stage, Bengaluru South City Corporation, Bengaluru, Bangalore South, Bengaluru Urban, Karnataka, 560062, India",Bengaluru,Karnataka,560062,India,12.8870757,77.5156439,shops
40988 - Global Spirits - RR Nagar,"Veturi Child Health Centre, 12th Cross Road, Kenchenahalli, Rajarajeshwari Nagar, Bengaluru West City Corporation, Bengaluru, Bangalore South, Bengaluru Urban, Karnataka, 560098, India",Bengaluru,Karnataka,560098,India,12.9262274,77.5156083,shops
12350 - Laxmi Scotch Yard - Uthrahalli Main Road,"Dr. Vishnuvardhan Road, Channasandra, Bengaluru West City Corporation, Bengaluru, Bangalore South, Bengaluru Urban, Karnataka, 560098, India",Bengaluru,Karnataka,560098,India,12.9031367,77.522595,shops
42260 - Yuki- JP Nagar,"Kalpaney, Outer Ring Road, Dollars Colony, JP Nagar, Bengaluru South City Corporation, Bengaluru, Bangalore South, Bengaluru Urban, Karnataka, 560078, India",Bengaluru,Karnataka,560078,India,12.9059842,77.589719,shops
12448 - SLR E Mahalakshmi Wines,"Ramdev medicals, Doddakammanahalli Main Road, Nobo Nagar, Kothnur, Bengaluru South City Corporation, Bangalore South, Bengaluru Urban, Karnataka, 560076, India",Bengaluru,Karnataka,560076,India,12.866933,77.5979574,shops
19707 - Pegs JP Nagar,"The Studs Sports Bar + Grill, Outer Ring Road, Dollars Colony, JP Nagar, Bengaluru South City Corporation, Bengaluru, Bangalore South, Bengaluru Urban, Karnataka, 560078, India",Bengaluru,Karnataka,560078,India,12.9068147,77.5983873,shops
16106 - Drops Sarjapur,"Brindavan Serenity, Central Jail Road, Kaikondrahalli, Haralur, Bengaluru South City Corporation, Bengaluru, Bangalore South, Bengaluru Urban, Karnataka, 560035, India",Bengaluru,Karnataka,560035,India,12.9086012,77.6762405,shops
16105 - Drops Electronics City,"Hulimangala Main Road, Hulimangala, Anekal, Bengaluru Urban, Karnataka, 560100, India",Bengaluru,Karnataka,560100,India,12.8407521,77.6441622,shops
20115 - Liquor Station,"Salon, Outer Ring Road, Bhuvaneshwari Nagar, Banashankari, Bengaluru West City Corporation, Bengaluru, Bangalore South, Bengaluru Urban, Karnataka, 560085, India",Bengaluru,Karnataka,560085,India,12.9237061,77.5537586,shops
16255 - Tag Bar And Restaurant,"Devanahalli, Devanahalli taluku, Bengaluru Rural, Karnataka, 562110, India",Bengaluru,Karnataka,562110,India,13.2625198,77.7163581,shops
16103 - Drops BEL Road,"Hao Chi, New BEL Road, MLA Layout, RMV 2nd Stage, Bengaluru North City Corporation, Bengaluru, Bangalore North, Bengaluru Urban, Karnataka, 560094, India",Bengaluru,Karnataka,560094,India,13.035039,77.5677938,shops
19302 - High Spirits (GKVK),"Shell, Bellary Road, Byatarayanapura, Sahakaranagara, Bengaluru North City Corporation, Bengaluru, Yelahanka taluku, Bengaluru Urban, Karnataka, India",,Karnataka,,India,13.0717942,77.5932016,shops
18664 - Surya teja Liquor,"Rachenahalli Main Road, Arkavathy Layout 11th Block, Bengaluru North City Corporation, Bengaluru, Bangalore East, Bengaluru Urban, Karnataka, 560045, India",Bengaluru,Karnataka,560045,India,13.0587933,77.6266417,shops
44867 - NA,"Kidzon, 24th Main Road, Sarakki, JP Nagar, Bengaluru South City Corporation, Bengaluru, Bangalore South, Bengaluru Urban, Karnataka, 560078, India",Bengaluru,Karnataka,560078,India,12.9033683,77.5857476,shops
1412 - Thirumala Wines (Ganganagar),"CBI, CBI Road, RBI Colony, RT Nagar, Bengaluru North City Corporation, Bengaluru, Bangalore North, Bengaluru Urban, Karnataka, 560032, India",Bengaluru,Karnataka,560032,India,13.0269568,77.5863213,shops
10799 - Metro Cash and Carry pvt ltd,"Metro, Kanakapura Road, Sarakki, Eshwara Layout, Konanakunte, Bengaluru South City Corporation, Bengaluru, Bangalore South, Bengaluru Urban, Karnataka, India",,Karnataka,,India,12.8929106,77.5666711,shops
19490 - Liquor Junction - Kodichikkenhalli,"Coral Waters, Kodichikkanahalli Road, Mahaveer Marvel Apartments, Bengaluru South City Corporation, Bengaluru, Bangalore South, Bengaluru Urban, Karnataka, 560076, India",Bengaluru,Karnataka,560076,India,12.8976728,77.6131685,shops
16949 - House of Spirits - Seegahalli,"Udupi Cafe, Whitefield - Hoskote Road, Shigehalli, Seegehalli, Bangalore East, Bengaluru Urban, Karnataka, 560067, India",Bengaluru,Karnataka,560067,India,13.0154385,77.7618358,shops
"18556 - Shilpa Bar & Restaurant- Unique Liqour, Boganahalli","Prime Cut, Gear School road, Bhoganahalli, Panathur, Bengaluru East City Corporation, Bengaluru, Bangalore East, Bengaluru Urban, Karnataka, 560103, India",Bengaluru,Karnataka,560103,India,12.9206011,77.6960576,shops
18525 - Drops JP Nagar,"Kidzon, 24th Main Road, Sarakki, JP Nagar, Bengaluru South City Corporation, Bengaluru, Bangalore South, Bengaluru Urban, Karnataka, 560078, India",Bengaluru,Karnataka,560078,India,12.903398,77.5855507,shops
42404 - Alcool & Cubes,"Saint John's Church Road, Sindhi Colony, Frazer Town, Bengaluru North City Corporation, Bengaluru, Bangalore North, Bengaluru Urban, Karnataka, 560005, India",Bengaluru,Karnataka,560005,India,12.9884895,77.6175889,shops
Amacio Wines - Siolim,"Tarchi, Madla Bhat Rd, Siolim, Oshal, Goa 403517",Siolim,Goa,403517,India ,15.6315319,73.7623036,shops
Bobby Wine Shop - Anjuna,"House no- 1486, Survey no-549/18, Bhatin, Bardez, Anjuna, Goa 403509",Anjuna,Goa,403509,India ,15.5926243,73.7570691,shops
Bottoms Up,"KB-67, Shop No. 29, milroc kadamba plateau, bainguinim Neura-O-Pequeno, Tiswadi, Old Goa, Goa 403402",Old Goa,Goa,403402,India ,15.4863314,73.7625751,shops
Capital Wine Calangute,"HQ27+2PF, MDR 10, Porba Vaddo, Khobra Waddo, Calangute, Goa 403516",Calangute,Goa,403516,India ,15.5500561,73.7617338,shops
Casa Barretto - Panjim,"Mammai Kamat Building, Rua José Falcão, Near Municipal Garden, Altinho, Panaji, Goa 403001",Panaji,Goa,403001,India ,15.4996407,73.8265533,shops
D'Mellos K4 Supermarket -Colva,"Shop No 402/1, A B, C D, Colva Beach Rd, Fatona, Colva, Goa 403708",Colva,Goa,403708,India ,15.1817179,73.8810697,shops
Govekar Wine - Assagao,"Socol waddo, next to Vinayak Restaurant, Assagao, Goa 403507",Assagao,Goa,403507,India ,15.5973846,73.770133,shops
Hysun Wine Store- Candolim,"GQCV+679, Pilerne - Candolim Rd, Saipem, Candolim, Marra, Goa 403511",Candolim,Goa,403511,India ,15.5205452,73.7906711,shops
Karma Retails-Liquor Vault Porvorim,"Liquor vault. Hemisphere, opp. mall de goa, Porvorim, Goa 403521",Porvorim,Goa,403521,India ,15.5267356,73.8256432,shops
Premdatta Traders-Wine Store,"Palolem Main road,Nagorcem,Canacona, Canacona, Goa 403702",Canacona,Goa,403702,India ,15.0109229,74.0296806,shops
Red Rose Wine - Palolem,"Palolem, Canacona, Goa 403702",Canacona,Goa,403702,India ,15.013079,74.0199902,shops
Refined Liquids,"Soares waddi, Shree Ganeshpuri, Shivoli, Siolim, Goa 403507",Siolim,Goa,403507,India ,15.613724,73.8001866,shops
Savitri Wine Shop Chapora,"Mapusa - Anjuna - Chapora Road Deul Wada, Bardez, Corner, Chapora, Anjuna, Goa 403509",Chapora,Goa,403509,India ,15.599696,73.7405556,shops
Selmel Wine Store Siolim,"Shop No. - 10, St. Anthony Community Centre, Iqrez Waddo, Siolim, Goa 403517",Siolim,Goa,403517,India ,15.6136789,73.7680947,shops
Toms Wine & Liquor,"Shop No, FRXF+973, 1 & 2, General Bernardo Guedes Rd, Near Municipal Market, Panaji, Goa 403001",Panaji,Goa,403001,India ,15.4986448,73.8207487,shops
Vihaan Wine Anjuna,"1446/2, Bhattim, North Goa, Arpora, Aguada - Siolim Rd, Bardez, Anjuna, Goa 403509",Anjuna,Goa,403509,India ,15.5939394,73.7571159,shops
World Of Wine - Panjim,"CHS- Phase I, St Inez Rd, near Caculo Mall, Caculo Enclave, Santa Inez, Panaji, Goa 403001",Panaji,Goa,403001,India ,15.4869403,73.815664,shops
Golden Anchor Benaulim,"GF S-1, Osia Bliss, Salcete, Pulvaddo, Benaulim, Goa 403707",Benaulim,Goa,403707,India ,15.2608966,73.9442954,shops